"selection2_name","selection2_selection3","selection2_selection3_url","InStock"
"Smart LED Light Bulb 2.4G(Not 5G) E26 WiFi Multicolor Light Bulb Work with Alexa,Siri, Echo, Google Home and IFTTT (No Hub Required), A19 60W Equivalent RGB Color Changing Bulb (4 Pack)","$39.99","https://www.amazon.com/Multicolor-Google-Required-Equivalent-Changing/dp/B07QYMPT6W/ref=sr_1_1?keywords=smart+light&qid=1581477790&sr=8-1","In Stock."
"Smart LED Light Bulb 2.4G(Not 5G) E26 WiFi Multicolor Light Bulb Work with Siri,Alexa, Echo, Google Home and IFTTT (No Hub Required), Peteme A19 60W Equivalent RGB Color Changing Bulb (2 Pack)","$20.99","https://www.amazon.com/Multicolor-Required-Peteme-Equivalent-Changing/dp/B07MKDLV1V/ref=sr_1_2?keywords=smart+light&qid=1581477790&sr=8-2","In Stock."
"BERENNIS Smart Light Bulb, A19 E26 RGBCW WiFi Dimmable Multicolor LED Lights, Compatible with Alexa, Google Home and IFTTT (No Hub Required) 7W (60w Equivalent) 3 Pack","$38.99","https://www.amazon.com/BERENNIS-Dimmable-Multicolored-Required-Compatible/dp/B07GGWNQT7/ref=sr_1_3?keywords=smart+light&qid=1581477790&sr=8-3","In Stock."
"Govee Smart WiFi LED Strip Lights Works with Alexa, Google Home Brighter 5050 LED, 16 Million Colors Phone App Controlled Music Light Strip for Home, Kitchen, TV, Party, for iOS and Android, 16.4ft","$43.99","https://www.amazon.com/Govee-Brighter-Million-Controlled-Kitchen/dp/B07N1CMGQQ/ref=sr_1_4?keywords=smart+light&qid=1581477790&smid=A2KZ7X05DCDJDL&sr=8-4","In Stock."
"Smart WiFi Light Bulb with Soft White Light, TECKIN 16 Million RGB Color Changing LED Bulb That Work with Alexa, Google Home (No Hub Required), 7.5W (60w Equivalent),4 Pack","$39.99","https://www.amazon.com/Multicolor-Compatible-Required-TECKIN-Equivalent/dp/B07GT3RXM6/ref=sr_1_5?keywords=smart+light&qid=1581477790&sr=8-5","In Stock."
"Smart WiFi Light Bulb, LED RGB Color Changing, Compatible with Alexa and Google Home Assistant, No Hub Required, A19 E26 Multicolor LUMIMAN 2 Pack","$22.99","https://www.amazon.com/Changing-Compatible-Assistant-Multicolor-LUMIMAN/dp/B07DLSNNDS/ref=sr_1_6?keywords=smart+light&qid=1581477790&sr=8-6","In Stock."
"Smart WiFi Alexa Light Bulbs 2.4G, SAUDIO LED RGB Color Changing Bulbs, Compatible with Siri,Alexa,IFTTT and Google Home Assistant, No Hub Required, A19 E26 Multicolor 4 Pack","$39.99","https://www.amazon.com/SAUDIO-Changing-Compatible-Assistant-Multicolor/dp/B07RX62616/ref=sr_1_7?keywords=smart+light&qid=1581477790&sr=8-7","In Stock."
"Smart Light Bulb, Works with Alexa, Echo, Google Home and Siri, AL Above Lights Dimmable E26 9W Wi-Fi LED Smart Bulb, Soft White (2700K), 60W Equivalent, 810 LM, RGB+W, ETL Listed - 1 Pack","$13.99","https://www.amazon.com/AL-Above-Lights-Dimmable-Equivalent/dp/B07SN3MZM7/ref=sr_1_8?keywords=smart+light&qid=1581477790&sr=8-8","In Stock."
"Kasa Smart Light Switch by TP-Link – Needs Neutral Wire, WiFi Light Switch, Works with Alexa & Google (HS200) White 1-Pack","$19.99","https://www.amazon.com/Kasa-Smart-Light-Switch-TP-Link/dp/B01EZV35QU/ref=sr_1_9?keywords=smart+light&qid=1581477790&sr=8-9","In Stock."
"Wyze Bulb 800 Lumen A19 LED Smart Home Light Bulb, Adjustable white temperature and brightness, works with Alexa and the Google Assistant, No Hub Required, 4-Pack","$37.98","https://www.amazon.com/Wyze-Adjustable-temperature-brightness-Assistant/dp/B07RF9NCDP/ref=sr_1_10?keywords=smart+light&qid=1581477790&sr=8-10","In Stock."
"Philips Hue White 2-Pack A19 LED Smart Bulb, Bluetooth & Zigbee compatible (Hue Hub Optional), Works with Alexa & Google Assistant – A Certified for Humans Device","$29.99","https://www.amazon.com/Philips-Hue-Bluetooth-compatible-Assistant/dp/B07R2MQ2PY/ref=sr_1_11?keywords=smart+light&qid=1581477790&sr=8-11","In Stock."
"Smart Light Bulbs, Aoycocr BR30 Dimmable LED Light Bulbs, 720 Lumen, Tunable White 2700K - 9000K,9 (80W Equivalent) No Hub Required, Wi-Fi, E26 Base (4 Pack)","$52.99","https://www.amazon.com/Smart-Light-Aoycocr-Dimmable-Tunable/dp/B07VCRJ9ZM/ref=sr_1_12?keywords=smart+light&qid=1581477790&sr=8-12","In Stock."
"Smart Light Bulbs E12 Base LED Candelabra Bulbs, Color Changing and Dimmable, Compatible with Alexa Google Home IFTTT, Tunable White Chandelier Light Bulbs 320 lm 35w Equivalent, 4 Pack","$39.99","https://www.amazon.com/Candelabra-Changing-Compatible-Chandelier-Equivalent/dp/B07WGL5L8Q/ref=sr_1_13?keywords=smart+light&qid=1581477790&sr=8-13","In Stock."
"Gosund Smart Light Bulb Compatible with Alexa Google Home WiFi A19 E26 LED Dimmable Bulbs No Hub Required 2700K Warm White 8W Lights 75W Equivalent Lighting 2pack","$16.99","https://www.amazon.com/Gosund-Dimmable-Required-Equivalent-Lighting/dp/B082X4QTKJ/ref=sr_1_14?keywords=smart+light&qid=1581477790&sr=8-14","In Stock."
"Amazon Smart Plug, works with Alexa – A Certified for Humans Device","$24.99","https://www.amazon.com/Amazon-Smart-Plug-works-Alexa/dp/B01MZEEFNX/ref=sr_1_15?keywords=smart+light&qid=1581477790&sr=8-15","In Stock."
"Treatlife Smart Light Switch（Neutral Wire Required), 2.4Ghz Wi-Fi Light Switch, Works with Alexa and Google Assistant, Schedule, Remote Control, Single Pole, ETL Listed (4 PACK)","$59.99","https://www.amazon.com/Treatlife-Smart-Light-Switch-Assistant/dp/B07R4MFWCQ/ref=sr_1_16?keywords=smart+light&qid=1581477790&sr=8-16","In Stock."
"Smart Light Bulb Compatible with Alexa Google Home, NiteBird A19 E26 Wifi Dimmable Warm White 2700K LED Lights Bulbs, 75W Equivalent, No Hub Required, 4 Pack","$31.99","https://www.amazon.com/Compatible-NiteBird-Dimmable-Equivalent-Required/dp/B081SWYGTT/ref=sr_1_17?keywords=smart+light&qid=1581477790&sr=8-17","In Stock."
"Gosund Smart Light Switch, In-wall Wifi Smart Switch that Works with Alexa and Google Home, No Hub Required, Neutral Wire Needed, Single-Pole 15A, ETL and FCC Listed,4 Pack White","$69.99","https://www.amazon.com/TanTan-Compatible-Single-Pole-required-Control/dp/B07MV1RTSV/ref=sr_1_18?keywords=smart+light&qid=1581477790&sr=8-18","In Stock."
"Light Bulb Camera,Include 16GB Card 1080P WiFi Security Camera, 2MP Wireles IP LED Cam,360 Degrees Panoramic VR Indoor/Outdoor Home Surveillance Cameras,Motion Detection/Night Vision/Alarm","$32.99","https://www.amazon.com/Include-Security-Panoramic-Surveillance-Detection/dp/B082S9PBHK/ref=sr_1_19?keywords=smart+light&qid=1581477790&sr=8-19","In Stock."
"Smart Light Bulb Compatible with Alexa Google Home, NiteBird A19 E26 WiFi Dimmable Warm White 2700K LED Lights Bulbs, 75W Equivalent, No Hub Required, 2 Pack","$16.99","https://www.amazon.com/Compatible-NiteBird-Dimmable-Equivalent-Required/dp/B082DWK146/ref=sr_1_20?keywords=smart+light&qid=1581477790&sr=8-20","In Stock."
"Smart Light Bulbs,TECKIN LED RGB Color Changing,E27 100W 1300LM Equivalent Compatible with Alexa and Google Home,IFTTT,2900K-6000K BR30 WiFi Light Blubs(13W),4 Pack","$69.99","https://www.amazon.com/TECKIN-Changing-Equivalent-Compatible-2900K-6000K/dp/B07ZFSW1YJ/ref=sr_1_21?keywords=smart+light&qid=1581477790&sr=8-21","In Stock."
"Smart Light Bulb with Soft White Light 2800k-6200k + RGBW, TECKIN A19 WiFi Multicolor LED Bulb Compatible with Phone, Google Home, 8w (60w Equivalent),2 Pack","$23.99","https://www.amazon.com/Dimmable-Multicolor-Compatible-TECKIN-Equivalent/dp/B07GT2Q5RW/ref=sr_1_22?keywords=smart+light&qid=1581477790&sr=8-22","In Stock."
"Smart Alexa Light Bulbs, SAUDIO WiFi LED Bulbs RGB Color Changing Bulbs, Compatible with Siri,Alexa,IFTTT and Google Home Assistant, No Hub Required, A19 E26 Multicolor 2 Pack","$19.99","https://www.amazon.com/SAUDIO-Changing-Compatible-Assistant-Multicolor/dp/B082WT4CPW/ref=sr_1_23?keywords=smart+light&qid=1581477790&sr=8-23","In Stock."
"OHLUX Smart WiFi LED Light Bulbs Compatible with Alexa Google Home and IFTTT(No Hub Required), RGBCW Multi-Color, Warm to Cool White Dimmable, 60W Equivalent, 7W E26 A19 Color Changing Bulb-4PACK","$39.99","https://www.amazon.com/OHLUX-Compatible-Equivalent-Multi-Color-Bulb-4PACK/dp/B07LCB3HQJ/ref=sr_1_24?keywords=smart+light&qid=1581477790&sr=8-24","In Stock."
"3-way Smart Light Switch, Neutral Wire Required, Treatlife WiFi Light Switch Single Pole/3-way Switch Works With Alexa, Google Assistant, Remote Control, ETL, Schedule, 1 PACK","$27.99","https://www.amazon.com/Treatlife-Assistant-Control-Schedule-Required/dp/B07V4X7BRT/ref=sr_1_25?keywords=smart+light&qid=1581477790&sr=8-25","In Stock."
"Smart WiFi Light Bulb, LUMIMAN LED RGBCW Color Changing, Compatible with Alexa, Siri and Google Home Assistant, No Hub Required, A19 E26 Multicolor 4 Pack","$39.99","https://www.amazon.com/LUMIMAN-Changing-Compatible-Assistant-Multicolor/dp/B07XYXY5QR/ref=sr_1_26?keywords=smart+light&qid=1581477790&sr=8-26","In Stock."
"Smart Light Bulb Alexa LED Color Changing Light Bulbs,TECKIN A19 E27 60W 800LM Equivalent Compatible with Google Home,IFTTT,2800K-6000K Cold and Warm Light WiFi Blubs(7.5W),2pack","$24.58","https://www.amazon.com/Changing-TECKIN-Equivalent-Compatible-2800K-6000K/dp/B07ZJHKC8W/ref=sr_1_27?keywords=smart+light&qid=1581477790&sr=8-27","In Stock."
"LED Strip Lights, DAYBETTER 16.4 FT Smart Strip Lights 5050 Kit 150 LEDs Work with Alex Google Assistant WiFi Rope Light APP Controlled Smart Light Strip for Bedroom, Home, Ceiling, Cupboard Lighting","$24.99","https://www.amazon.com/DAYBETTER-Assistant-Controlled-Cupboard-Lighting/dp/B07VQT4HR2/ref=sr_1_28?keywords=smart+light&qid=1581477790&sr=8-28","In Stock."
"LED Candelabra Bulbs E12 Base, Color Changing and Dimmable Smart Light Bulb, Compatible with Alexa Google Home IFTTT, Tunable White Chandelier Light Bulbs 320 lm 35w Equivalent, 3 Pack","$28.99","https://www.amazon.com/Candelabra-Changing-Compatible-Chandelier-Equivalent/dp/B081L4Q5HH/ref=sr_1_29?keywords=smart+light&qid=1581477790&sr=8-29","In Stock."
"DAYBETTER LED Strip Lights, Smart LED Lights 16.4ft Waterproof 5050 RGB Color Changing Controlled by Phone APP, Sync to Music, WiFi LED Strips Work with Alexa, Google Assistant for Bedroom","$26.99","https://www.amazon.com/DAYBETTER-Waterproof-Changing-Controlled-Assistant/dp/B07VNG9ZLM/ref=sr_1_30?keywords=smart+light&qid=1581477790&sr=8-30","In Stock."
"BRTLX Smart Light Bulb, RGB Dimmable Wi-Fi LED Bulb, 9W 800LM,Free APP and Voice Control, Compatible with Amazon Alexa and Google Assistant,No Hub Required,A60 E26 Multicolored Smart Bulbs (4 Pack)","$34.99","https://www.amazon.com/BRTLX-Dimmable-Compatible-Assistant-Multicolored/dp/B07JFVQ6B7/ref=sr_1_31?keywords=smart+light&qid=1581477790&sr=8-31","In Stock."
"Dusk to Dawn Light Bulb Sensor Smart LED Outdoor Lighting Bulbs Lamp 7W E26/E27 Automatic On/Off, Indoor/Outdoor Yard Porch Patio Garden (Warm White, 3 Pack)","$21.99","https://www.amazon.com/Sensor-Outdoor-Lighting-Automatic-Indoor/dp/B077SQ95ZW/ref=sr_1_32?keywords=smart+light&qid=1581477790&sr=8-32","In Stock."
"NiteBird Smart TV Backlight Work with Alexa Google Home,Sync to Music WiFi LED TV light 9.2Ft Kit for 32'' to 60'' TV, Waterproof 5050 RGB Strip Light with Controller, Dimmable","$17.99","https://www.amazon.com/NiteBird-Backlight-Waterproof-Controller-Dimmable/dp/B07XCVGL42/ref=sr_1_33?keywords=smart+light&qid=1581477790&sr=8-33","In Stock."
"Philips Hue White and Color Ambiance LightStrip Plus Dimmable LED Smart Light (Requires Hue Hub, Works with Alexa, HomeKit & Google Assistant)","$79.99","https://www.amazon.com/Philips-Ambiance-LightStrip-Compatible-Assistant/dp/B0167H33DU/ref=sr_1_34?keywords=smart+light&qid=1581477790&sr=8-34","In Stock."
"Smart Light Switch&Alexa Smart Double Switch& 2.4Ghz WIFI Light Switch With Timer and Remote Control,Schedule,Neutral Wire Needed,Works with Alexa, Google Assistant and IFTTT,Single Pole (2gang)","$45.99","https://www.amazon.com/Switch-Double-Remote-Control-required/dp/B07QRRRTDM/ref=sr_1_35?keywords=smart+light&qid=1581477790&sr=8-35","In Stock."
"TP-Link Kasa Smart WiFi Light Bulb, Multicolor - Smart LED Light Bulbs, Works with Alexa & Google (KL130)","$29.99","https://www.amazon.com/Kasa-Smart-Light-Multicolor-TP-Link/dp/B07FZ6PLJG/ref=sr_1_36?keywords=smart+light&qid=1581477790&sr=8-36","In Stock."
"TECKIN Smart Light Bulb,LED RGB Color Changing,E27 100W 1300LM Equivalent Compatible with Alexa and Google Home,IFTTT,2900K-6000K BR30 WiFi Light Blubs(13W),1 Pack","$19.99","https://www.amazon.com/TECKIN-Changing-Equivalent-Compatible-2900K-6000K/dp/B07RZKV7FQ/ref=sr_1_37?keywords=smart+light&qid=1581477790&sr=8-37","In Stock."
"Smart Light Bulb WiFi Light Bulbs,TECKIN 13W E27 RGBCW Multicolor Dimmable LED Color Changing Light Bulb Equivalent 100W,1300LM BR30 Compatible with Alexa and Google Home IFTTT 2900K-6000K 2 Packs","$37.99","https://www.amazon.com/TECKIN-Multicolor-Equivalent-Compatible-2900K-6000K/dp/B07Z8X6VQZ/ref=sr_1_38?keywords=smart+light&qid=1581477790&sr=8-38","In Stock."
"Treatlife Smart Light Switch（Neutral Wire Required), 2.4Ghz Wi-Fi Light Switch, Works with Alexa and Google Assistant, Schedule, Remote Control, Single Pole, ETL Listed (1 PACK)","$17.99","https://www.amazon.com/Treatlife-Smart-Light-Switch-Assistant/dp/B07R7PCCT9/ref=sr_1_39?keywords=smart+light&qid=1581477790&sr=8-39","In Stock."
"Smart Led Light Bulb, Alexa RGB Color Changing Light Bulb, TECKIN E27 A19 60W Equivalent, Compatible with Alexa, Google Home and IFTTT, Cold and Warm Light 2800K-6000K, WiFi Control Bulb (2 Packs)","$23.99","https://www.amazon.com/Changing-TECKIN-Equivalent-Compatible-2800K-6000K/dp/B081JTDZXT/ref=sr_1_40?keywords=smart+light&qid=1581477790&sr=8-40","In Stock."
"Smart LED RGB Light Bulb - Aoycocr 10W A21 E26 Soft White (2700K) Multicolor - 900 Lumens (85W Equivalent) - Compatible with Amazon Alexa and Google Assistant, No Hub Required (4 Pack)","$45.99","https://www.amazon.com/Smart-LED-RGB-Light-Bulb/dp/B07T8DRZZ5/ref=sr_1_41?keywords=smart+light&qid=1581477790&sr=8-41","In Stock."
"LED Candelabra Bulbs E12 Base- Chandelier Lighting Bulbs 400 Lumens 5W(45 Watt equiv.) - Tunable White 2000K-6500K RGB Color Changing Dimmable Smart Light Bulb - 3 Pack","$29.99","https://www.amazon.com/Candelabra-Chandelier-Lighting-Lumens-equiv/dp/B07YFTKCQC/ref=sr_1_42?keywords=smart+light&qid=1581477790&sr=8-42","In Stock."
"3-way Smart Light Switch,Neutral Wire Required,Treatlife WiFi Light Switch Single Pole/3-way Switch Works With Alexa, Google Assistant, Remote Control, ETL, Schedule, No Hub Required, 4 PACK","$89.99","https://www.amazon.com/Treatlife-Assistant-Control-Schedule-Required/dp/B07V3XB1QG/ref=sr_1_43?keywords=smart+light&qid=1581477790&sr=8-43","In Stock."
"Smart Light Switch, Treatlife 2.4Ghz Smart Switch Wi-Fi Light Switch, Neutral Wire Required, Works with Alexa and Google Assistant, Single-Pole, Schedule, Remote Control, ETL Listed, 4 PACK","$64.99","https://www.amazon.com/Treatlife-Required-Assistant-Single-Pole-Schedule/dp/B07WWYQJFR/ref=sr_1_44?keywords=smart+light&qid=1581477790&sr=8-44","In Stock."
"WeMo Smart Light Switch 2ND Gen","$39.99","https://www.amazon.com/WeMo-Smart-Light-Switch-2ND/dp/B07RT8H9WH/ref=sr_1_45?keywords=smart+light&qid=1581477790&sr=8-45","In Stock."
"So Undercover","$3.99","https://www.amazon.com/So-Undercover-Miley-Cyrus/dp/B082N95G1B/ref=sr_1_46?keywords=smart+light&qid=1581477790&sr=8-46","In Stock."
"TECKIN Smart Light Bulb LED RGB Color Changing,A19 E27 60W 800LM Equivalent Compatible with Alexa Google Home,IFTTT,2800K-6000K Cold and Warm Light WiFi Blubs(7.5W),4pack","$45.99","https://www.amazon.com/TECKIN-Changing-Equivalent-Compatible-2800K-6000K/dp/B07ZJHGQZ2/ref=sr_1_47?keywords=smart+light&qid=1581477790&sr=8-47","In Stock."
"Govee 32.8ft LED Strip Lights Works with Alexa and Google Assistant Wireless Smart Phone APP Control Light Strip Kits Music Sync RGB Tape Lights for Room Kitchen Home Party (Not Support 5G WiFi)","$42.99","https://www.amazon.com/Wireless-Control-Compatible-Assistant-Non-Waterproof/dp/B07N1BGYKB/ref=sr_1_48?keywords=smart+light&qid=1581477790&sr=8-48","In Stock."
"LED Strip Lights Smart WiFi 32.8ft Waterproof RGB 5050LEDs Color Changing Light Strips Work with Alexa, Google Assistant, App and Remote Controlled, 12V Tape Light for Bedroom, Home Decorations","$59.99","https://www.amazon.com/Waterproof-5050LEDs-Assistant-Controlled-Decorations/dp/B0817FPD2N/ref=sr_1_49?keywords=smart+light&qid=1581477801&sr=8-49","In Stock."
"Smart LED Strip Lights Works with Alexa, Govee APP Control Waterproof 16.4ft RGB LED Light Strip WiFi Sync with Music, 16 Million Colors 5050 LED Lights for Home, Kitchen, TV, Party","$28.99","https://www.amazon.com/Waterproof-Wireless-Controlled-Assistance-Control/dp/B07HRHDV1T/ref=sr_1_50?keywords=smart+light&qid=1581477801&sr=8-50","In Stock."
"Smart Light Bulbs, LOHAS BR30 LED WiFi Light Bulb Dimmable Daylight 5000K, 980LM, Compatible with Alexa Google Home Assistant, E26 10W Equivalent 75W BR30 Flood Light for Cans, No Hub Required, 2Pack","$23.99","https://www.amazon.com/LOHAS-LED-Dimmable-Equivalent-Compatible/dp/B07SWYN9WS/ref=sr_1_51?keywords=smart+light&qid=1581477801&sr=8-51","In Stock."
"Sengled Smart Wi-Fi LED Soft White A19 Light Bulb, No Hub Required, 2700K, 60W Equivalent, Works with Alexa & Google Assistant, 1 Pack","$14.99","https://www.amazon.com/Sengled-Required-Equivalent-Google-Assistant/dp/B07HKW28VG/ref=sr_1_52?keywords=smart+light&qid=1581477801&sr=8-52","In Stock."
"Etekcity Smart Light Bulb, WiFi Dimmable Soft White LED Bulb Works with Alexa, Google Home and IFTTT, Easy Setup, Schedule, A19 E26, 60W Equivalent, 806LM, 2700K, No Hub Required, UL Listed (4 Pack)","$43.99","https://www.amazon.com/Etekcity-Dimmable-Schedule-Required-Equivalent/dp/B07TYV2BNF/ref=sr_1_53?keywords=smart+light&qid=1581477801&sr=8-53","In Stock."
"UPGRADED WiFi Smart LED Strip Lights 16.4ft Works with Alexa, Google Home Extra-Adhesive Bright 5050 LED, 16 Million Colors Phone App Controlled Strip for Home, Kitchen, TV, Party, for iOS and Android","$29.95","https://www.amazon.com/TBI-Pro-Extra-Adhesive-Million-Controlled/dp/B07TNNMDBK/ref=sr_1_54?keywords=smart+light&qid=1581477801&sr=8-54","In Stock."
"meross Smart WiFi Light Switch, Wall Switch, Compatible with Amazon Alexa, Google Assistant and IFTTT, Remote Control, Schedules, Timer, No Hub Needed - Upgrade Version 2 Pack","$29.99","https://www.amazon.com/meross-Compatible-Assistant-Control-Schedules/dp/B07KXNHNCB/ref=sr_1_55?keywords=smart+light&qid=1581477801&sr=8-55","In Stock."
"Sengled Smart LED Soft White A19 Light Bulb, Hub Required, 2700K 60W Equivalent, Works with Alexa, Google Assistant & SmartThings, 4 Pack","$38.99","https://www.amazon.com/Sengled-Required-Equivalent-Assistant-SmartThings/dp/B072M5RT6L/ref=sr_1_56?keywords=smart+light&qid=1581477801&sr=8-56","In Stock."
"TP-Link (HS220) Kasa Smart Dimmer WiFi Light Switch, 1-Pack","$34.99","https://www.amazon.com/TP-Link-HS220-Dimmer-Switch-1-Pack/dp/B079775ZZQ/ref=sr_1_57?keywords=smart+light&qid=1581477801&sr=8-57","In Stock."
"MagicLight WiFi Bulb No Hub Required, Dimmable Multicolor E26 A19 7W (60w Equivalent) Color Changing LED Smart Light, Compatible with Alexa Google Home Siri IFTTT (4 Pack)","$35.95","https://www.amazon.com/MagicLight-Required-Multicolor-Equivalent-Compatible/dp/B07VQLZBNW/ref=sr_1_58?keywords=smart+light&qid=1581477801&smid=AEK05O6KNHXR9&sr=8-58","In Stock."
"Wemo Wi-Fi Light Switch 3-Way 2-Pack Bundle - Control Lighting from Anywhere, Easy In-Wall Installation, Works with Alexa, Google Assistant and Apple HomeKit (WLS0403-BDL)","$89.99","https://www.amazon.com/Wi-Fi-Light-Switch-2-Pack-Bundle/dp/B07NPZVYR1/ref=sr_1_59?keywords=smart+light&qid=1581477801&sr=8-59","In Stock."
"Smart LED Light Bulb, TIKLOK WiFi Dimmable Soft White A19 E26 Bulb, Compatible with Alexa and Google Home, 2700K 60W Equivalent, Easy Setup Control, No Hub Required (4 Pack)","$43.98","https://www.amazon.com/Dimmable-Compatible-Equivalent-Control-Required/dp/B07XB5C6SC/ref=sr_1_60?keywords=smart+light&qid=1581477801&sr=8-60","In Stock."
"LE LampUX Smart LED Light Bulb, E12 Candelabra Light Bulbs, Works with Alexa Google Home, Tunable White 2700K-6500K, Dimmable with App, No Hub Required, 40 Watt Equivalent, 2.4GHz WiFi, Pack of 2","$22.99","https://www.amazon.com/Candelabra-2700K-6500K-Dimmable-Required-Equivalent/dp/B07RSQW16R/ref=sr_1_61?keywords=smart+light&qid=1581477801&sr=8-61","In Stock."
"AXTEE Smart Light Bulb 2.4G(Not 5G), WiFi LED RGBCW Color Changing Bulbs 2700K-6500K with White Lights Work with Alexa, Echo, Google Home and IFTTT(No Hub Required), A19 E26 60W Equivalent-3 Pack","$27.99","https://www.amazon.com/Dimmable-Multicolored-Required-Amazon-Google/dp/B07G5M8FKG/ref=sr_1_62?keywords=smart+light&qid=1581477801&sr=8-62","In Stock."
"Smart Light Bulb BR30 Dimmable - 720 Lumen - Tunable Warm White 2700K to Daylight 9000K - 9W (80W Equivalent) - BR30 Flood Light Works with Alexa - Google Home - IFTTT - No Hub Required - WiFi - E26","$17.99","https://www.amazon.com/Smart-Light-Bulb-BR30-Dimmable/dp/B07VCQ3Q5Z/ref=sr_1_63?keywords=smart+light&qid=1581477801&sr=8-63","In Stock."
"Smart WiFi LED Recessed Retrofit Downlight 5/6 inch, 15W Ceiling Down Lighting Compatible with Alexa,Siri and Google Home, RGBCW Multicolor Color Changing Retrofit Can Lights 2700K - 6500K No Hub","$39.99","https://www.amazon.com/Recessed-Retrofit-Downlight-Compatible-Multicolor/dp/B07WS5L5LR/ref=sr_1_64?keywords=smart+light&qid=1581477801&sr=8-64","In Stock."
"Smart plug, Gosund Mini Wifi Outlet Works With Alexa, Google Home & IFTTT, No Hub Required, Remote Control Your Home Appliances from Anywhere, ETL Certified,Only Supports 2.4GHz Network(4 Pieces)","$29.99","https://www.amazon.com/Gosund-Compatible-Required-appliances-Certified/dp/B079MFTYMV/ref=sr_1_65?keywords=smart+light&qid=1581477801&sr=8-65","In Stock."
"Sengled Smart Light Bulb A19 LED Daylight, Hub Required, Smart Bulb A19 5000K 60W Equivalent, Smart Light Bulb Compatible with Alexa, Google Assistant, SmartThings & IFTTT, 2 Pack","$19.99","https://www.amazon.com/Sengled-Equivalent-Compatible-Assistant-SmartThings/dp/B07Y4ZNJTX/ref=sr_1_66?keywords=smart+light&qid=1581477801&sr=8-66","In Stock."
"Hedynshine 33 Ft LED Strip Lights, Waterproof Tape Lights with 300 LEDs SMD 5050 RGB Rope Lights, Sync to Music, 24 Key Remote Control and Compatible with Alexa/Google Home,WiFi LED Lights Strip","$38.89","https://www.amazon.com/Hedynshine-Lights-Waterproof-Control-Compatible/dp/B07KVW8MZY/ref=sr_1_67?keywords=smart+light&qid=1581477801&sr=8-67","In Stock."
"The Body Keeps the Score: Brain, Mind, and Body in the Healing of Trauma","$19.00","https://www.amazon.com/Body-Keeps-Score-Healing-Trauma/dp/0143127748/ref=sr_1_68?keywords=smart+light&qid=1581477801&sr=8-68","In Stock."
"LOHAS Smart Light Bulb BR40 WiFi LED Bulb, E26 RGB Color Changing Lights, 1450LM 100W Equivalent WiFi Bulb Work with Alexa, Google Assistant, Daylight 2700K-6000K Bulbs for Home Lighting(15W), 1 Pack","$26.99","https://www.amazon.com/LOHAS-LED-Equivalent-2700K-6000K-Home-Lighting/dp/B082QVJBTD/ref=sr_1_69?keywords=smart+light&qid=1581477801&sr=8-69","In Stock."
"Smart LED Light Bulb, Alexa Light Bulbs WiFi Dimmable 2 Pack Work with Google Home/Smart Life APP, Avatar Controls RGBW Color Changing Lights, No Hub Required (910LM E26 A19 8W=70W Equivalent)","$21.99","https://www.amazon.com/Dimmable-Avatar-Controls-Changing-Equivalent/dp/B07SBPBDZW/ref=sr_1_70?keywords=smart+light&qid=1581477801&sr=8-70","In Stock."
"Sengled Smart LED Soft White A19 Light Bulb, Hub Required, 2700K 60W Equivalent, Works with Alexa, Google Assistant & SmartThings, 1 Pack","$9.99","https://www.amazon.com/Sengled-E11-G13W-Equivalent-Assistant-SmartThings/dp/B01N7I4X94/ref=sr_1_71?keywords=smart+light&qid=1581477801&sr=8-71","In Stock."
"Smart Light Bulb Works with Alexa Google Home, NiteBird A19 E26 WiFi Multicolor Dimmable LED Lights Bulbs, 2700k + RGB, 75W Equivalent, No Hub Required, 4 Pack","$35.99","https://www.amazon.com/TanTan-Smart-Bulb/dp/B07MTYVSSV/ref=sr_1_72?keywords=smart+light&qid=1581477801&sr=8-72","In Stock."
"TP-LINK Dimmable LED Kasa WiFi, Tunable White Smart Light Bulb, Works with Alexa & Google (KL120), A19, 60W Equivalent","$24.28","https://www.amazon.com/Smart-Light-Tunable-White-TP-Link/dp/B07FZ289NH/ref=sr_1_73?keywords=smart+light&qid=1581477801&sr=8-73","In Stock."
"DORESshop Wi-Fi Smart LED Light Bulb, E26 Dimmable 10W(75W Equivalent) Vintage Edison WiFi LED Edison Bulb, ST64 Antique LED Filament Light Bulb, Work with Alexa and Google Assistant, 2 Pack","$27.99","https://www.amazon.com/DORESshop-Dimmable-Equivalent-Filament-Assistant/dp/B07SG6B1J5/ref=sr_1_74?keywords=smart+light&qid=1581477801&sr=8-74","In Stock."
"NiteBird Smart LED Strip Lights Works with Alexa Google Home, 16.4ft 5050 RGB WiFi Dimmable Flexible Strip Tape Light, Sync to Music, Waterproof, No Hub Required for Room Kitchen Home Bar TV Party","$25.99","https://www.amazon.com/NiteBird-Dimmable-Flexible-Waterproof-Required/dp/B081F46JSY/ref=sr_1_75?keywords=smart+light&qid=1581477801&sr=8-75","In Stock."
"Kasa 3-way Smart Light Switch, WiFi Smart Switch Works with Alexa Echo & Google Home, No Hub Required, Neutral Wire Needed (HS210)","$24.99","https://www.amazon.com/Switch-Google-Required-Neutral-HS210/dp/B083JKTMYQ/ref=sr_1_76?keywords=smart+light&qid=1581477801&sr=8-76","In Stock."
"Smart Dimmer Switch,Neutral Wire Required,Treatlife WiFi Light Switch for Dimmable LED, Halogen and Incandescent Bulbs, Compatible with Alexa, Google Assistant, Remote Control, Single-Pole(1 Pack)","$24.99","https://www.amazon.com/Upgraded-Separable-Replaceable-Function-Dressing/dp/B07CKNWGN4/ref=sr_1_77?keywords=smart+light&qid=1581477801&sr=8-77","In Stock."
"Novostella 2 Pack 20W Smart LED Flood Lights, RGBCW, 2700K-6500K, 2000LM, WiFi Outdoor Dimmable Color Changing Stage Light, IP66 Waterproof, Multicolor Wall Washer Light, Work with Alexa","$89.99","https://www.amazon.com/Novostella-2700K-6500K-Dimmable-Waterproof-Multicolor/dp/B07VH1VHYL/ref=sr_1_78?keywords=smart+light&qid=1581477801&sr=8-78","In Stock."
"[2020 Upgrade] 100W Equivalent Smart LED Light Bulb 2.4G(Not 5G) A21 by 3Stone, WiFi App Controlled UL Listed, Dimmable Warm White and RGB Colors, Works Perfect with Amazon Alexa Google Assistant","$49.56","https://www.amazon.com/3Stone-Controlled-Dimmable-Equivalent-Assistant/dp/B07HR8GT12/ref=sr_1_79?keywords=smart+light&qid=1581477801&sr=8-79","In Stock."
"AISIRER Smart Light Bulb WiFi LED Bulbs 9W 806LM Compatible with Amazon Alexa Echo Google Home Assistant and IFTTT Dimmable Warm Light 2700K No Hub Required E26 A19","$22.99","https://www.amazon.com/Compatible-Assistant-Equivalent-Dimmable-AISIRER/dp/B07Q3SGYCL/ref=sr_1_80?keywords=smart+light&qid=1581477801&sr=8-80","In Stock."
"LIFX A19 Mini Wi-Fi Smart Led Light Bulb (Latest Generation), Dimmable, Warm White, No Hub Required, Works with Amazon Alexa, Apple HomeKit, Google Assistant and Microsoft Cortana","$19.99","https://www.amazon.com/LIFX-L3A19MW06E26-Mini-White-Light/dp/B07FKJ4LDX/ref=sr_1_81?keywords=smart+light&qid=1581477801&sr=8-81","In Stock."
"OHLUX Smart WiFi LED Light Bulb, Works with Alexa and Google Home Assistant (No Hub Required), RGBCW Multi Color Changing Bulb, A19 E26 7W(60W Equivalent), IFTTT Compatible, 2-Pack","$21.99","https://www.amazon.com/OHLUX-Assistant-Required-Equivalent-Compatible/dp/B07VVW7BZ9/ref=sr_1_82?keywords=smart+light&qid=1581477801&sr=8-82","In Stock."
"MustWin Smart Retrofit Led Recessed Lighting 6 inch LED Downlight, Bluetooth Mesh LED Can Lights Color Changing, Voice Control via Alexa, Dimmable RGBCW 15W4 Pack(Hub Included)","$119.99","https://www.amazon.com/MustWin-Retrofit-Recessed-Downlight-Bluetooth/dp/B07WFXKJJM/ref=sr_1_83?keywords=smart+light&qid=1581477801&sr=8-83","In Stock."
"Smart Switch, Gosund Smart Switch Works with Alexa, Google home and IFTTT, with Remote Control and Schedule, Neutral Wire Required, Single-Pole, No Hub required, ETL and FCC listed","$17.99","https://www.amazon.com/Gosund-Control-required-installation-listed/dp/B07DQDNBZ2/ref=sr_1_84?keywords=smart+light&qid=1581477801&sr=8-84","In Stock."
"Kasa Smart Light Bulb by TP-Link – WiFi Bulbs, No Hub Required, Old Version, Works with Alexa & Google (LB110)","$19.99","https://www.amazon.com/TP-Link-LB110-Smart-Wi-Fi-Dimmable/dp/B01HXM8XE2/ref=sr_1_85?keywords=smart+light&qid=1581477801&sr=8-85","In Stock."
"Smart WiFi LED Light Bulbs Compatible with Alexa Google Home, Siri and Echo(No Hub Required), TIKLOK RGBCW Multi-Color, Warm to Cool White Dimmable 7.5W E26 A19 Color Changing Bulb(4 Pack)","$35.96","https://www.amazon.com/Compatible-Required-Multi-Color-Dimmable-Changing/dp/B07R9ZBQZK/ref=sr_1_86?keywords=smart+light&qid=1581477801&sr=8-86","In Stock."
"Philips Hue White A19 4-Pack 60W Equivalent Dimmable LED Smart Bulbs (Hue Hub Required, Works with Alexa, HomeKit & Google Assistant), Old Version","$49.95","https://www.amazon.com/Philips-Hue-Equivalent-Compatible-Assistant/dp/B073SSK6P8/ref=sr_1_87?keywords=smart+light&qid=1581477801&sr=8-87","In Stock."
"Smart Light Bulb BITIWEND WiFi Smart LED Bulb E26 RGBW Dimmable Smart Color Light Bulb with Remote Control 350lm Compatible with Alexa Google Home,No Hub Required,2 Pack LED Smart Bulbs","$19.99","https://www.amazon.com/BITIWEND-Dimmable-Control-Compatible-Required/dp/B07YCFSSY9/ref=sr_1_88?keywords=smart+light&qid=1581477801&sr=8-88","In Stock."
"3 Way Smart Light Switch (Only One Needed), Meross WiFi Light Switch Compatible with Alexa, Google Assistant and IFTTT, LED Smart Switch with Voice Control, Schedule, Remote Control, ETL/FCC Listed","$26.99","https://www.amazon.com/Switch-Compatible-Assistant-Control-Schedule/dp/B07WSZTYCR/ref=sr_1_89?keywords=smart+light&qid=1581477801&sr=8-89","In Stock."
"Smart Light Bulb, WiFi Bulb Work with Siri, Alexa Echo, Google Home, Practical 10W 960LM Dimmable, from Warm White to Blue White Light Adjustable, No Hub Required, Fitop 2 E26 A19 LED Light Bulbs","$22.99","https://www.amazon.com/Practical-Dimmable-Adjustable-Required-Fitop/dp/B083LCXLDT/ref=sr_1_90?keywords=smart+light&qid=1581477801&sr=8-90","In Stock."
"Treatlife Smart Light Switch（Neutral Wire Required) , 2.4Ghz Wi-Fi Light Switch, Works with Alexa and Google Assistant, Schedule, Remote Control, Single Pole, ETL Listed (2 PACK)","$32.99","https://www.amazon.com/Treatlife-Smart-Light-Switch-Assistant/dp/B07SB5RW14/ref=sr_1_91?keywords=smart+light&qid=1581477801&sr=8-91","In Stock."
"Treatlife Smart Dimmer Switch, Neutral Wire Needed, 2.4Ghz Wi-Fi Light Switch, Compatible with Alexa and Google Assistant, Schedule, Remote Control, Single Pole (1 PACK)","$23.99","https://www.amazon.com/Treatlife-Neutral-Compatible-Assistant-Schedule/dp/B07YKGMXDM/ref=sr_1_92?keywords=smart+light&qid=1581477801&sr=8-92","In Stock."
"meross Smart Wi-Fi LED Bulb, Multiple Colors, RGB, 810 Lumens 60W Equivalent, Compatible with Alexa, Google Assistant and IFTTT, E26 Light Bulb, No Hub Required - Upgrade Versions (4 Pack)","$38.99","https://www.amazon.com/meross-Multiple-Equivalent-Compatible-Assistant/dp/B07WNT93HX/ref=sr_1_93?keywords=smart+light&qid=1581477801&sr=8-93","In Stock."
"Gosund Smart Dimmer Switch, Wifi Wall Light Switch Compatible with Alexa and Google Home, 4 Pack, Single-Pole, Remote Control, No Hub Required, ETL and FCC Listed","$75.99","https://www.amazon.com/Gosund-Compatible-Single-Pole-Control-Required/dp/B07VP4PHJJ/ref=sr_1_94?keywords=smart+light&qid=1581477801&sr=8-94","In Stock."
"Smart Light Switch, Yeewell 2.4Ghz WiFi Light Switch with Timer and Remote Control, Works with Alexa, Google home and IFTTT, Neutral Wire Needed, Single Pole, No Hub Required, 2 gang","$39.99","https://www.amazon.com/Switch-Yeewell-Control-Neutral-Required/dp/B07WR81VPC/ref=sr_1_95?keywords=smart+light&qid=1581477801&sr=8-95","In Stock."
"LED Flood Light 100W Equivalent, Outdoor Color Changing Led Stage Landscape Lighting, RGB Bluetooth Smart Floodlights 2700K & 16 Million Colors&Timing& Music Sync, IP66 Waterproof US 3-Plug (2 Pack)","$36.99","https://www.amazon.com/Equivalent-Landscape-Bluetooth-Floodlights-Waterproof/dp/B07W6SHBV5/ref=sr_1_96?keywords=smart+light&qid=1581477801&sr=8-96","In Stock."
"LED Flood Light 100W Equivalent, Outdoor Color Changing Led Stage Landscape Lighting, RGB Bluetooth Smart Floodlights 2700K & 16 Million Colors&Timing& Music Sync, IP66 Waterproof US 3-Plug (2 Pack)","$36.99","https://www.amazon.com/Equivalent-Landscape-Bluetooth-Floodlights-Waterproof/dp/B07W6SHBV5/ref=sr_1_97?keywords=smart+light&qid=1581477814&sr=8-97","In Stock."
"LE LampUX BR30 E26 WiFi Smart Light Bulbs Alexa Google Home Compatible, RGBW Color Changing/Tunable White (Warm to Daylight), 9W=65W, Dimmable Recessed Flood Can Light Bulbs, No Hub Required, 2 Packs","$27.99","https://www.amazon.com/Compatible-Changing-Daylight-Dimmable-Recessed/dp/B07WQW3X5Q/ref=sr_1_98?keywords=smart+light&qid=1581477814&sr=8-98","In Stock."
"Smart LED Strip Lights Works with Alexa, Govee APP Control 16.4ft WiFi Light Strip, Music Sync 16 Million Colors RGB LED Lights for Room, Home, Kitchen, TV, Party, Halloween, Christmas, Waterproof","$28.99","https://www.amazon.com/Govee-Control-Halloween-Christmas-Waterproof/dp/B07TTCSP86/ref=sr_1_99?keywords=smart+light&qid=1581477814&sr=8-99","In Stock."
"Smart LED Strip Lights Gosund Led Lights Works with Alexa and Google Home, 5050 RGB Color Changing Lights for Bedroom WiFi Remote Control Smart Tape Lights Sync with Music, 16 Million Colors, 16.4ft","$25.99","https://www.amazon.com/Gosund-Changing-Bedroom-Control-Million/dp/B082119W8V/ref=sr_1_100?keywords=smart+light&qid=1581477814&sr=8-100","In Stock."
"Booksmart","$3.99","https://www.amazon.com/Booksmart-Kaitlyn-Dever/dp/B07T8KSZSH/ref=sr_1_101?keywords=smart+light&qid=1581477814&sr=8-101","In Stock."
"LOHAS Smart LED Bulbs, Candelabra Base E12 LED Bulb Dimmable Smart Daylight 50 Watt Equivalent, 5000K LED WiFi Bulb No Hub Required Work with Alexa Google Home for chandelier ceiling fan bulbs, 4 Pack","$36.49","https://www.amazon.com/LOHAS-LED-Candelabra-Equivalent-chandelier/dp/B07ZCND9FM/ref=sr_1_102?keywords=smart+light&qid=1581477814&sr=8-102","In Stock."
"Smart WiFi LED Light Bulb Dimmable 9W 1000Lm, SLITINTO E26 Multicolor Light Bulb Compatible with Alexa, Echo, Google Home and IFTTT(No Hub Required), A19 90W Equivalent RGB Color Changing Bulb-2 Pack","$24.99","https://www.amazon.com/Dimmable-SLITINTO-Multicolor-Compatible-Equivalent/dp/B07SPZ8MBD/ref=sr_1_103?keywords=smart+light&qid=1581477814&sr=8-103","In Stock."
"TP-LINK HS200P3 Kasa Smart WiFi Switch (3-Pack) Control Lighting from Anywhere, Easy In-Wall Installation (Single-Pole Only), No Hub Required, Works With Alexa and Google Assistant, White","$68.90","https://www.amazon.com/TP-LINK-HS200P3-Installation-Single-Pole-Assistant/dp/B07HGW8N7R/ref=sr_1_104?keywords=smart+light&qid=1581477814&sr=8-104","In Stock."
"Smart Table Lamp, HUGOAI Dimmable Bedside Lamps for Bedrooms, Works with Alexa & Google Home, LED Nightstand Lamp with Shades of White Lights and Vibrant Colors, No Hub Required - Grey","$45.99","https://www.amazon.com/HUGOAI-Dimmable-Bedrooms-Nightstand-Required/dp/B07QK9LG1H/ref=sr_1_105?keywords=smart+light&qid=1581477814&sr=8-105","In Stock."
"Gosund Smart Dimmer Switch, Smart Light Switch Dimmer Compatible with Alexa & Google Home, with Remote Control & Timer, Single-Pole, Neutral Wire Required, ETL & FCC Listed, No Hub Required (1 Pack)","$20.99","https://www.amazon.com/Gosund-Compatible-Control-Single-Pole-Required/dp/B07WSSTVL5/ref=sr_1_106?keywords=smart+light&qid=1581477814&sr=8-106","In Stock."
"Smart WiFi Alexa Light Bulb, Dimmable Multicolor E26 A19 7W (60w Equivalent) Magic Hue LED Light Bulb, Compatible with Alexa Google Home Siri IFTTT (4 Pack)","$49.99","https://www.amazon.com/Multicolor-Equivalent-Magic-Hue-Compatible/dp/B07VKJXDG9/ref=sr_1_107?keywords=smart+light&qid=1581477814&sr=8-107","In Stock."
"LED Night Light Plug in, Super Smart Dusk to Dawn Sensor, Automatic Night Lights Suitable for Bedroom, Bathroom, Toilet,Stairs,Kitchen,Hallway,Kids,Adults,Compact Nightlight, (Warm White, 4 Pack)","$13.47","https://www.amazon.com/Automatic-Suitable-Bedroom-Bathroom-Nightlight/dp/B083Q333Z7/ref=sr_1_108?keywords=smart+light&qid=1581477814&sr=8-108","In Stock."
"Smart plug Amysen : Smart Wifi Outlet, works with Alexa and Google Home, ETL Certified, Only Supports 2.4GHz Network, No Hub Required, Control Your Devices from Anywhere","$26.69","https://www.amazon.com/Amysen-Smart-Plug%EF%BC%884-Pack%EF%BC%89-Mini-Assistant/dp/B078K432TK/ref=sr_1_109?keywords=smart+light&qid=1581477814&sr=8-109","In Stock."
"MagicLight Smart WiFi Light Bulb, No Hub Required, Dimmable Multicolor A19 E26 7W (60w Equivalent) Smart Bulb, Compatible with Alexa Google Home Siri IFTTT (3 Pack)","$30.99","https://www.amazon.com/MagicLight-Required-Multicolor-Equivalent-Compatible/dp/B07VLBCGP2/ref=sr_1_110?keywords=smart+light&qid=1581477814&sr=8-110","In Stock."
"JOMARTO Smart WiFi LED Light Bulb, 2 Pack Compatible with Alexa/Google Home, 60W Equivalent Color Changing Multicolor Dimmable Light Bulb 900LM Remote Control No Hub Required (Two Pack)","$29.99","https://www.amazon.com/JOMARTO-Compatible-Equivalent-Changing-Multicolor/dp/B07RYMJPMV/ref=sr_1_111?keywords=smart+light&qid=1581477814&sr=8-111","In Stock."
"MOES WiFi Smart Light Switch,2 Gang No Screw Panel Smart Life/Tuya App Wireless Remote Control Wall Switch Timer for Lights,Compatible with Alexa,Google Home,No Hub required","$39.99","https://www.amazon.com/MOES-Wireless-Control-Compatible-required/dp/B07WHWR8CV/ref=sr_1_112?keywords=smart+light&qid=1581477814&sr=8-112","In Stock."
"Harmonic Smart Light Bulb WiFi Multicolor LED Light Bulb Compatible with Alexa, Google Home Assistant, A19 E26 RGB Color Changing Bulb, 8W (60w Equivalent), No Hub Required (2 Pack)","$24.99","https://www.amazon.com/Harmonic-Multicolor-Compatible-Assistant-Equivalent/dp/B07XK7FWHW/ref=sr_1_113?keywords=smart+light&qid=1581477814&sr=8-113","In Stock."
"LEGELITE LED Smart Light Bulb, E26 7W WiFi Light Bulbs 2700K to 6500K Dimmable and RGBCW Color Changing, No Hub Required, Works with Amazon Echo Alexa Google Home and IFTTT, 60W Equivalent (4 Pack)","$43.99","https://www.amazon.com/LEGELITE-Dimmable-Changing-Required-Equivalent/dp/B07MMSRZY4/ref=sr_1_114?keywords=smart+light&qid=1581477814&sr=8-114","In Stock."
"LE WiFi Smart LED Light Bulbs, Color Changing Lights, RGBW 2700K-6500K, Works with Alexa & Google Home, Dimmable with App, No Hub Required, 60 Watt Equivalent, A19 E26 (4 Pack)","$39.99","https://www.amazon.com/Assistant-2700-6500K-Tunable-Changing-Dimmable/dp/B07L4RR1N2/ref=sr_1_115?keywords=smart+light&qid=1581477814&sr=8-115","In Stock."
"LoraTap Smart WiFi Bulb Socket E26 2 Pack Wi-Fi LED Light Bulb Lamp Timer Holder Adapter, Voice Control with Amazon Alexa and Google Home Assistant, App Control from Anywhere by Phone, 30W Max.","$29.99","https://www.amazon.com/LoraTap-Adapter-Control-Assistant-Anywhere/dp/B07PMJ6RM6/ref=sr_1_116?keywords=smart+light&qid=1581477814&sr=8-116","In Stock."
"GUSODOR LED Strip Lights RGB Strips 32.8ft Tape Light 300 LEDs SMD5050 Waterproof Music Sync Color Changing + Bluetooth Controller + 24Key Remote Control Decoration for Home TV Party - APP Controlled","$39.88","https://www.amazon.com/GUSODOR-Waterproof-Bluetooth-Controller-Decoration/dp/B07XHKN8QL/ref=sr_1_117?keywords=smart+light&qid=1581477814&sr=8-117","In Stock."
"DreamColor LED Strip Lights, Govee 16.4ft WiFi Wireless Smart Light Strip Works with Alexa Google Assistant App Control for Room Bedroom Kitchen Outdoors Music Sync Waterproof (Not Support 5G WiFi)","$33.99","https://www.amazon.com/DreamColor-MINGER-Wireless-Controlled-Assistance/dp/B07HRHLKGK/ref=sr_1_118?keywords=smart+light&qid=1581477814&sr=8-118","In Stock."
"Smart Light Bulb Compatible with Alexa Google Home, NiteBird A19 E26 Wifi Dimmable Warm White 2700K LED Bulbs, 75W Equivalent, No Hub Required, 1 Pack","$10.99","https://www.amazon.com/Compatible-NiteBird-Dimmable-Equivalent-Required/dp/B07Y4BLCTZ/ref=sr_1_119?keywords=smart+light&qid=1581477814&sr=8-119","In Stock."
"Geeni GN-BW912-999 LUX Smart Floodlight, White – Outdoor 2700K-6500K Dimmable LED Bulb, E26, PAR38, 11W, 1000 Lumens – No Hub Works with Amazon Alexa, Google Assistant, Requires 2.4 GHz Wi-Fi","$24.99","https://www.amazon.com/Geeni-GN-BW912-999-Smart-Floodlight-White/dp/B07XPLCZ1K/ref=sr_1_120?keywords=smart+light&qid=1581477814&sr=8-120","In Stock."
"Etekcity Smart Light, WiFi Dimmable Soft White LED Bulb Work with Alexa, Google Home and IFTTT, Easy Setup, Schedule, A19 E26, 60W Equivalent, 806LM, 2700K, No Hub Required, UL Listed","$13.99","https://www.amazon.com/Etekcity-Smart-Light-WiFi-LED/dp/B07MVWJG3T/ref=sr_1_121?keywords=smart+light&qid=1581477814&sr=8-121","In Stock."
"GE 46201 Enbrighten Z-Wave Plus Smart Light Switch with QuickFit and SimpleWire, Works with Alexa, Google Assistant, Zwave Hub Required, Repeater/Range Extender, 3-Way 2nd Gen, White & Light Almond","$29.99","https://www.amazon.com/GE-Enbrighten-SimpleWire-SmartThings-46201/dp/B07RRBT6W5/ref=sr_1_122?keywords=smart+light&qid=1581477814&sr=8-122","In Stock."
"Philips Hue Smart Button for Hue Smart Lights, Smart Light Control, (Hue Hub required)","$19.99","https://www.amazon.com/Philips-Hue-Button-Control-required/dp/B07XV1HRVZ/ref=sr_1_123?keywords=smart+light&qid=1581477814&sr=8-123","In Stock."
"Novostella 13W 1300LM Smart LED Light Bulbs, WiFi RGBCW 2700K-6500K Dimmable Multicolor Bulb, A19 E26, 120W Equivalent Color Changing Bulb, No Hub Required, Compatible with Alexa, 3 Pack","$69.99","https://www.amazon.com/Novostella-2700K-6500K-Multicolor-Equivalent-Compatible/dp/B07VLFFX9D/ref=sr_1_124?keywords=smart+light&qid=1581477814&sr=8-124","In Stock."
"Smart LED Light Bulb RGB Color Changing Light Bulb - Daylight 6500K - 750 Lumens - E26 Base - Dimmable - Works with Alexa Google Home IFTTT - No Hub Required - UL ETL Listed","$14.99","https://www.amazon.com/Aoycocr-Dimmable-Compatible-Required-Equivalent/dp/B07NW21RM1/ref=sr_1_125?keywords=smart+light&qid=1581477814&sr=8-125","In Stock."
"Smart Light Bulb with Soft White Light 2800k-6200k + RGBW, TECKIN A19 WiFi Multicolor LED Bulb Compatible with Phone, Google Home, 8w (60w Equivalent),4 Pack","$39.99","https://www.amazon.com/2800k-6200k-TECKIN-Multicolor-Compatible-Equivalent/dp/B07VPGNGF2/ref=sr_1_126?keywords=smart+light&qid=1581477814&sr=8-126","In Stock."
"GE Lighting 93096612 C by GE A19 Smart Bluetooth, 2-Pack, Soft White Light Bulb","$24.99","https://www.amazon.com/GE-Lighting-93096612-C-Life-None/dp/B07J9RBWW5/ref=sr_1_127?keywords=smart+light&qid=1581477814&sr=8-127","In Stock."
"WiFi Smart Light Bulb Works with Alexa Google Home & IFTTT, Gosund 800LM A19 E26 LED Smart Bulb 2700K RGB Color Changing Dimmable, No Hub Required, Soft White (4 Pack)","$37.99","https://www.amazon.com/Google-Gosund-Changing-Dimmable-Required/dp/B07PMWX4RB/ref=sr_1_128?keywords=smart+light&qid=1581477814&sr=8-128","In Stock."
"Onforu 3 Pack Smart Light Bulb, RGBW LED WiFi Light Bulbs, Work with Alexa and Google Home Assistant, No Hub Required, A19 E26 Multicolor Bulb","$29.99","https://www.amazon.com/Onforu-Google-Assistant-Required-Multicolor/dp/B07W45JHND/ref=sr_1_129?keywords=smart+light&qid=1581477814&sr=8-129","In Stock."
"Smart Light Bulb, Daylight Multicolor Led Bulbs A19 E26 750 lm Work with Alexa, Echo, Google Home and IFTTT(No Hub Required) RGB Color Changing Dimmable, UL Listed, 4 Pack","$41.99","https://www.amazon.com/Daylight-Multicolor-Required-Changing-Dimmable/dp/B07W4C33BT/ref=sr_1_130?keywords=smart+light&qid=1581477814&sr=8-130","In Stock."
"CT Capetronix Smart WiFi LED Light Bulb - A19 E26 RGB+CCT Multicolor Dimmable 2700K-7000K Light Bulbs Compatible with Alexa Echo Google Home Siri (No Hub Required), 8W (60W Equivalent), 2 Pack","$21.99","https://www.amazon.com/CT-Capetronix-Smart-WiFi-Light/dp/B082B21F2Z/ref=sr_1_131?keywords=smart+light&qid=1581477814&sr=8-131","In Stock."
"Smart LED WiFi Light Bulb, LOHAS LED 2700K-6000K Daylight RGB A19 Bulb Color Changing 60W Equivalent, Dimmable LED E26 Bulbs Works with Alexa, Google Home, Siri (No Hub Required), UL Listed, 4 Pack","$39.79","https://www.amazon.com/LED-LOHAS-2700K-6000K-Daylight-Equivalent/dp/B07T7W7ZMW/ref=sr_1_132?keywords=smart+light&qid=1581477814&sr=8-132","In Stock."
"Philips Hue White LED Smart Light Bulb Starter Kit, 3 A19 Smart Bulbs & 1 Hue Hub, (Works with Alexa, Apple HomeKit, and Google Assistant)","$64.79","https://www.amazon.com/Philips-Hue-Starter-HomeKit-Assistant/dp/B07QZHMM4P/ref=sr_1_133?keywords=smart+light&qid=1581477814&sr=8-133","In Stock."
"E12 Smart Light Bulbs, LOHAS LED WiFi Light Bulbs, 9W Equivalent 60W, Dimmable Daylight 5000K A19 LED Bulbs Candelabra Base, Compatible with Alexa, Google Home Assistant, No Hub Required, 750LM, 4Pack","$36.99","https://www.amazon.com/LOHAS-LED-Equivalent-Candelabra-Compatible/dp/B07WSBJQN9/ref=sr_1_134?keywords=smart+light&qid=1581477814&sr=8-134","In Stock."
"The Alchemist, 25th Anniversary: A Fable About Following Your Dream","$16.99","https://www.amazon.com/Alchemist-Paulo-Coelho/dp/0062315005/ref=sr_1_135?keywords=smart+light&qid=1581477814&sr=8-135","In Stock."
"Smart WiFi Fan Switch Ceiling Fan and Light Remote Control Kit, WiFi Fan Controller Compatible with Alexa Google, Phone APP Control, No Hub Required, Universal Ceiling Fan Light Remote Control","$27.99","https://www.amazon.com/Ceiling-Controller-Compatible-Required-Universal/dp/B07Z948VY4/ref=sr_1_136?keywords=smart+light&qid=1581477814&sr=8-136","In Stock."
"DORESshop Wi-Fi Smart ST64 LED Edison Bulb, E26 Dimmable 8W(60W Equivalent) Vintage Edison WiFi LED Filament Light Bulb, Dimmable Tunable White (2200K-6500K), Work with Alexa and Google Home, 2 Pack","$30.99","https://www.amazon.com/DORESshop-Dimmable-Equivalent-Filament-2200K-6500K/dp/B07WWZY676/ref=sr_1_137?keywords=smart+light&qid=1581477814&sr=8-137","In Stock."
"Sengled Smart Light Bulb A19 Daylight, Hub Required, Smart Bulb A19 5000K 60W Equivalent, Smart LED Light Bulb Compatible with Alexa, Google Assistant, SmartThings & IFTTT, 3 Pack","$28.98","https://www.amazon.com/Sengled-Equivalent-Compatible-Assistant-SmartThings/dp/B07Y563Y2M/ref=sr_1_138?keywords=smart+light&qid=1581477814&sr=8-138","In Stock."
"LED Strip Lights, 32.8ft RGB Color Changing Rope Lights 300 LEDs SMD5050 Light Strips Voice and Music Sync Smart LED Lights for Home, TV and Party Decoration-Remote Control + Bluetooth APP Controlled","$31.99","https://www.amazon.com/Changing-SMD5050-Decoration-Remote-Bluetooth-Controlled/dp/B081MWWR8J/ref=sr_1_139?keywords=smart+light&qid=1581477814&sr=8-139","In Stock."
"WiFi Smart Light Bulb(60W Equivalent) A19 E26 Multicolor LED Compatible with Alexa,Google Home and IFTTT, No Hub Required,RGB Hue Color Changing ＆ Soft White Light ＆ Daylight 3000K-6000K 7W 600LM","$16.99","https://www.amazon.com/Equivalent-Multicolor-Compatible-Required-3000K-6000K/dp/B07VD9KC9S/ref=sr_1_140?keywords=smart+light&qid=1581477814&sr=8-140","In Stock."
"Alexa Light Switch, Double Smart Wifi Light Switches, Smart Switch 2 Gang Works with Google Assistant and IFTTT(Two separate switches with one wall plate)","$39.99","https://www.amazon.com/Switch-Double-Switches-Google-Assistant/dp/B07L755WM6/ref=sr_1_141?keywords=smart+light&qid=1581477814&sr=8-141","In Stock."
"Smart Dimmer Switch,Neutral Wire Required,Treatlife WiFi Light Switch for Dimmable LED, Halogen and Incandescent Bulbs, Compatible with Alexa, Google Assistant, Remote Control, Single-Pole(4 Pack)","$86.99","https://www.amazon.com/Treatlife-Incandescent-Compatible-Assistant-Single-Pole/dp/B07PJTLB7Z/ref=sr_1_142?keywords=smart+light&qid=1581477814&sr=8-142","In Stock."
"Aoycocr Smart Light Switch 2-Pack - Neutral Wire Needed, Single Pole, 2.4Ghz Wi-Fi Light Switch 110-240V, Easy to Install, Compatible with Alexa, Google Assistant, Schedule, Remote Control, FCC Listed","$33.99","https://www.amazon.com/Aoycocr-Smart-Light-Switch-2-Pack/dp/B07Y8CQ6BG/ref=sr_1_143?keywords=smart+light&qid=1581477814&sr=8-143","In Stock."
"Smart Light Bulb Works with Alexa Google Home, NiteBird A19 E26 WiFi Multicolor Dimmable LED Lights Bulbs, 2700k + RGB, 75W Equivalent, No Hub Required, 2 Pack","$20.99","https://www.amazon.com/TanTan-Smart-Bulb/dp/B07MTZNJP5/ref=sr_1_144?keywords=smart+light&qid=1581477814&sr=8-144","In Stock."
"Smart Light Bulb Works with Alexa Google Home, NiteBird A19 E26 WiFi Multicolor Dimmable LED Lights Bulbs, 2700k + RGB, 75W Equivalent, No Hub Required, 2 Pack","$20.99","https://www.amazon.com/TanTan-Smart-Bulb/dp/B07MTZNJP5/ref=sr_1_145?keywords=smart+light&qid=1581477826&sr=8-145","In Stock."
"TECKIN LED Smart Bulb Alexa Light Bulbs, RGB Dimmable Multicolor Bulbs E27 A19 60W Equivalent, Compatible with Alexa, Google Home and IFTTT, Cold and Warm Light 2800K-6000K, Wifi Control Bulb (4 Packs","$43.99","https://www.amazon.com/TECKIN-Multicolor-Equivalent-Compatible-2800K-6000K/dp/B081JT9YNP/ref=sr_1_146?keywords=smart+light&qid=1581477826&sr=8-146","In Stock."
"Sinvitron Led Wifi Smart Light Bulb E26 9W, Work with Amazon Alexa, Echo, Google Home and IFTTT, No Hub Required, 900lm, A19 85W Equivalent, RGBCW Multi-color Changing - 2 Pack","$24.69","https://www.amazon.com/Sinvitron-Required-Equivalent-Multi-color-Changing/dp/B07RSRX1YR/ref=sr_1_147?keywords=smart+light&qid=1581477826&sr=8-147","In Stock."
"LED Flood Light 15W RGB Color Changing, Outdoor Bluetooth Smart Floodlights RGBW 2700K Warm White & 16 Million Colors, 20 Modes, Grouping, Timing, IP66 Waterproof, 100W Equivalent (2 Pack)","$36.99","https://www.amazon.com/Changing-Bluetooth-Floodlights-Waterproof-Equivalent/dp/B07T1B5S58/ref=sr_1_148?keywords=smart+light&qid=1581477826&sr=8-148","In Stock."
"Smart Plug Compatible with Alexa Google Assistant IFTTT for Voice Control, Teckin Mini Smart Outlet Wifi Socket with Timer Function, No Hub Required, White FCC ETL Certified","$29.99","https://www.amazon.com/Assistant-Control-Function-Required-Upgrade/dp/B07FVST9YN/ref=sr_1_149?keywords=smart+light&qid=1581477826&sr=8-149","In Stock."
"Vaticas 1 100-240V Smart WiFi Light Switch,Compatible with Alexa,Google Home and IFTTT, with Remote Control and Timer,No Hub Required Applicable to Family and Office(3 Gang White)","$55.99","https://www.amazon.com/Smart-Light-Switch-Vaticas-Compatible/dp/B07Q7PWJ77/ref=sr_1_150?keywords=smart+light&qid=1581477826&sr=8-150","In Stock."
"Sunco Lighting 6 Pack WiFi LED Smart Bulb, BR30, 8W, Color Changing (RGB & CCT), Dimmable, 650 LM, Compatible with Amazon Alexa & Google Assistant - No Hub Required","$64.99","https://www.amazon.com/Sunco-Lighting-Changing-Compatible-Assistant/dp/B07L53J864/ref=sr_1_151?keywords=smart+light&qid=1581477826&sr=8-151","In Stock."
"LOHAS Smart LED Light Bulb, A19 Daylight 5000K Dimmable LED Bulb, 50W Equivalent 8W WiFi Light Bulb E26 Base, 720LM APP Control, No Hub Required, Compatible with Amazon Alexa, Google Home, 4 Pack","$34.89","https://www.amazon.com/LOHAS-LED-Daylight-Equivalent-Compatible/dp/B07Z5Y9X9L/ref=sr_1_152?keywords=smart+light&qid=1581477826&sr=8-152","In Stock."
"Govee LED Light Bulb Dimmable, Music Sync RGB Color Changing Light Bulbs A19 7W 60W Equivalent, Multicolor Decorative No Hub Required Smart LED Bulbs with APP for Party Home (Don't Support WiFi/Alexa)","$13.99","https://www.amazon.com/MINGER-Dimmable-Changing-Equivalent-Multi-Color/dp/B07CL2RMR7/ref=sr_1_153?keywords=smart+light&qid=1581477826&sr=8-153","In Stock."
"Treatlife Smart Dimmer Switch, Neutral Wire Needed, 2.4Ghz Wi-Fi Light Switch, Compatible with Alexa and Google Assistant, Schedule, Remote Control, Single Pole (4 PACK)","$84.99","https://www.amazon.com/Treatlife-Neutral-Compatible-Assistant-Schedule/dp/B07YKFSWJN/ref=sr_1_154?keywords=smart+light&qid=1581477826&sr=8-154","In Stock."
"Dusk to Dawn Light Sensor Bulbs, A19 12W(100 Watt Equivalent) LED Auto On Off Light Bulbs, 1200 Lumens, E26 Base, Daylight White 5000K Smart Sensor Lights Outdoor Indoor for Porch Garage Yard, 4-Pack","$22.99","https://www.amazon.com/Sensor-Equivalent-Lumens-Daylight-Outdoor/dp/B07VXG4KGJ/ref=sr_1_155?keywords=smart+light&qid=1581477826&sr=8-155","In Stock."
"Gosund Smart Switch, Smart Light Switch Works with Alexa, Google home and IFTTT, with Remote Control and Schedule, Needs Neutral Wire, Single-Pole, No Hub required, ETL and FCC listed (2 Pack)","$29.99","https://www.amazon.com/Gosund-Control-required-installation-listed/dp/B07DQG4K52/ref=sr_1_156?keywords=smart+light&qid=1581477826&sr=8-156","In Stock."
"Bluetooth Music Strip Lights 33Feet, Hedynshine Strip Lights Sync to Music SMD 5050 300pcs LED Chips, RGB 12V Rope Lights, Smart Phone App Controled color changing light strips","$39.89","https://www.amazon.com/HEDYNSHINE-Adjustable-Spotlight-Wireless-Waterproof/dp/B07QC2F4MK/ref=sr_1_157?keywords=smart+light&qid=1581477826&sr=8-157","In Stock."
"Sylvania Lightify 65W LED Smart Home 2700-6500K Color/White Light Bulb (2 Pack) (5 Pack)","$114.99","https://www.amazon.com/Sylvania-Lightify-Smart-2700-6500K-Color/dp/B07H9HKLFR/ref=sr_1_158?keywords=smart+light&qid=1581477826&sr=8-158","In Stock."
"Smart Switch, SAUDIO Smart Light Dimmer Switch for Dimmable LED/Halogen/Incandescent Bulbs, Compatible with Alexa, Google Assistant/IFTTT, Remote Control, Single-Pole, Neutral Wire Required(1 Pack)","$25.99","https://www.amazon.com/SAUDIO-Incandescent-Compatible-Assistant-Single-Pole/dp/B082WR6VDJ/ref=sr_1_159?keywords=smart+light&qid=1581477826&sr=8-159","In Stock."
"Sengled Smart LED Soft White A19 Starter Kit, 2700K 60W Equivalent, 2 Smart Light Bulbs & Hub, Works with Alexa & Google Assistant","$39.99","https://www.amazon.com/Sengled-Element-Classic-Equivalent-Assistant/dp/B01N2TVDYQ/ref=sr_1_160?keywords=smart+light&qid=1581477826&sr=8-160","In Stock."
"Wixann 9W Smart Wi-Fi Light Bulb Compatible with Alexa & Google Home Assistant (No Hub Required, 2.4Ghz Only), A19, E26, 80W Equivalent Dimmable RGBCW Color Changing LED Bulbs for Siri IFTTT, 3 Pack","$39.99","https://www.amazon.com/Wixann-Compatible-Assistant-Required-Equivalent/dp/B07Z2VZ5DX/ref=sr_1_161?keywords=smart+light&qid=1581477826&sr=8-161","In Stock."
"Smart Light Switch, 2 Way WiFi Smart Switch Button, Compatible with Alexa and Google Home, Remote Control with Timing Funtion, No Hub Required,Smart Life APP Provides Control from Anywhere","$23.99","https://www.amazon.com/Compatible-Control-Required-Provides-Anywhere/dp/B07BTBZ69B/ref=sr_1_162?keywords=smart+light&qid=1581477826&sr=8-162","In Stock."
"WiFi Smart Wall Touch Light Switch Glass Panel Wireless Remote Control by Mobile APP Anywhere Compatible with Alexa,Timing Function No Hub Required (Wall Switch 2 Gang)","$27.99","https://www.amazon.com/Wireless-Anywhere-Compatible-Function-Required/dp/B07BLZFQZZ/ref=sr_1_163?keywords=smart+light&qid=1581477826&sr=8-163","In Stock."
"Smart LED Light Bulbs, LampUX WiFi Bulbs, Works with Alexa and Google Home, Color Changing Light Bulbs, Dimmable with App, A19 E26, 60 Watt Equivalent, No Hub Required (Pack of 2)","$19.99","https://www.amazon.com/LampUX-Changing-Dimmable-Equivalent-Required/dp/B07PY5ZFM7/ref=sr_1_164?keywords=smart+light&qid=1581477826&sr=8-164","In Stock."
"NiteBird Smart Light Bulb Works with Alexa Google Home A19 E26 WiFi Multicolor Dimmable LED Lights Bulbs, 2700k + RGB, 75W Equivalent, No Hub Required, 4 Pack","$39.99","https://www.amazon.com/NiteBird-Multicolor-Dimmable-Equivalent-Required/dp/B0824HJ4NN/ref=sr_1_165?keywords=smart+light&qid=1581477826&sr=8-165","In Stock."
"WiFi Light Switch Smart Switch 2 Gang Touch Wall Switch - Compatible with Alexa Google Assistant and IFTTT","$49.99","https://www.amazon.com/Control-Compatible-Assistant-Required-Anywhere%EF%BC%8CETL/dp/B07DG3LRJ6/ref=sr_1_166?keywords=smart+light&qid=1581477826&sr=8-166","In Stock."
"The Spy Who Dumped Me","$7.99","https://www.amazon.com/Spy-Who-Dumped-Me/dp/B07G4GKBDD/ref=sr_1_167?keywords=smart+light&qid=1581477826&sr=8-167","In Stock."
"Smart Plug Works with Alexa Google Assistant IFTTT for Voice Control, Teckin Mini Smart Outlet Wifi plug with Timer Function, No Hub Required, White FCC ETL Certified (4 pack)","$29.99","https://www.amazon.com/Outlet-Assistant-Control-Function-Required/dp/B07CVH7WPD/ref=sr_1_168?keywords=smart+light&qid=1581477826&sr=8-168","In Stock."
"Novostella Smart Light Bulb, WiFi RGBCW LED Color Changing Bulb, 7W 600LM Dimmable Multicolored Lights, No Hub Required, Compatible with Alexa Google Assistant IFTTT (60W Equivalent, A19 E26, 3 Pack)","$29.99","https://www.amazon.com/Novostella-Multicolored-Compatible-Assistant-Equivalent/dp/B07Y1G9WKG/ref=sr_1_169?keywords=smart+light&qid=1581477826&sr=8-169","In Stock."
"Smart Dimmer Switch, Gosund Smart WiFi Light Switch Compatible with Alexa & Google Home, with Remote Control & Schedule, Neutral Wire Needed, Single-Pole, No Hub Required, Easy Installation (2 Pack)","$39.99","https://www.amazon.com/Gosund-Compatible-Schedule-Single-Pole-Installation/dp/B07X1QRC23/ref=sr_1_170?keywords=smart+light&qid=1581477826&sr=8-170","In Stock."
"LOHAS Smart Light Bulb, BR30 LED Color Changing Bulbs, RGB Daylight Warm White 2700K-6000K Smart WiFi Lights, E26 LED Flood Light, 9W(65W Equivalent) 900LM Alexa Google Home Compatible Lights, 2 Pack","$26.99","https://www.amazon.com/LOHAS-LED-2700K-6000K-Equivalent-Compatible/dp/B07YKQL92Y/ref=sr_1_171?keywords=smart+light&qid=1581477826&sr=8-171","In Stock."
"WiFi Smart Table Lamp for Bedrooms, LE LampUX Touch Bedside Lamp Works with Alexa Google Home, Modern Dimmable LED Nightstand Lamp, White & RGB Color Changing Night Light for Kids Room, Living Room","$38.99","https://www.amazon.com/Tunable-Dimmable-Nightstand-Computer-Lighting/dp/B07Q8SMG8R/ref=sr_1_172?keywords=smart+light&qid=1581477826&sr=8-172","In Stock."
"Feit Electric OM100/RGBW/CA/AG 100W Equivalent A19 High-CRI Alexa Google Smart WiFi LED Light Bulb, Multi-Color RGBW","$24.99","https://www.amazon.com/Feit-Electric-OM100-RGBW-Multi-Color/dp/B07X8QXR9L/ref=sr_1_173?keywords=smart+light&qid=1581477826&sr=8-173","In Stock."
"Sengled Smart LED Multicolor Light Bulb, Hub Required, RGBW Color & Tunable White 2000-6500K, A19 60W Equivalent, Works with Alexa, Google Assistant & SmartThings, 1 Pack","$24.99","https://www.amazon.com/Sengled-Multicolor-2000-6500K-Equivalent-SmartThings/dp/B073ZBYXKQ/ref=sr_1_174?keywords=smart+light&qid=1581477826&sr=8-174","In Stock."
"GE Enbrighten Z-Wave Plus Smart Light Dimmer with QuickFit and SimpleWire, Works with Alexa, Google Assistant, SmartThings, Wink, Zwave Hub Required, Repeater/Range Extender, 3-Way Compatible, 46203","$34.99","https://www.amazon.com/GE-Enbrighten-SimpleWire-SmartThings-46203/dp/B07RRD92T8/ref=sr_1_175?keywords=smart+light&qid=1581477826&sr=8-175","In Stock."
"WiFi Smart LED Light Bulb, A19 E26 RGB+W(6500K) Color Changing Light Bulbs Compatible with Alexa, Google Home Assistant and IFTTT, No Hub Required 7.5W (60W Equivalent)-2 Pack","$19.99","https://www.amazon.com/Changing-Compatible-Assistant-Required-Equivalent/dp/B083CYZNYJ/ref=sr_1_176?keywords=smart+light&qid=1581477826&sr=8-176","In Stock."
"Smart LED Light Bulb, Dimmable WiFi Smart Bulb with Warm Lights - No Hub Required, Christmas Smart Bulb Works with Alexa Echo Dot, Google Home Mini & Samsung, KHSUIN LED Smart Light Bulbs 7W (80W)","$19.99","https://www.amazon.com/Smart-Light-Bulb-Dimmable-Lights/dp/B07WS6SK2X/ref=sr_1_177?keywords=smart+light&qid=1581477826&sr=8-177","In Stock."
"Philips Hue Smart Dimmable LED Smart Light Recipe Kit, Installation Free, no Hub Required, (Works with Alexa Apple HomeKit and Google Assistant)","$49.99","https://www.amazon.com/Philips-Hue-Dimmable-Installation-Assistant/dp/B01N4OMRJ9/ref=sr_1_178?keywords=smart+light&qid=1581477826&sr=8-178","In Stock."
"MINGER DreamColor LED Strip Lights, Smart Music Sync Light Strip Phone App Controlled Waterproof for Party, Room, Bedroom, TV, Gaming with Brighter 5050 LEDs and Strong Adhesive Tape (16.4Ft)","$29.99","https://www.amazon.com/MINGER-DreamColor-Waterproof-Flexible-Lighting/dp/B0798NG8KJ/ref=sr_1_179?keywords=smart+light&qid=1581477826&sr=8-179","In Stock."
"Smart WiFi A19 Light Bulb, Dimmable LED Soft White + RGB Multicolor Changing, Work with Alexa, Google Home (No Hub Required), E26 Base 9.5W (60 Watt Equivalent), UL Listed by Mue Home, 4 Pack","$37.99","https://www.amazon.com/Mastery-Mart-Dimmable-Required-Multicolor/dp/B07NP1J85C/ref=sr_1_180?keywords=smart+light&qid=1581477826&sr=8-180","In Stock."
"Sunco Lighting 4 Pack WiFi LED Smart Bulb, B11 Candelabra, 4.5W, E12 Base, Color Changing (RGB & CCT), Dimmable, Compatible with Amazon Alexa & Google Assistant - No Hub Required","$39.99","https://www.amazon.com/Sunco-Lighting-Candelabra-Compatible-Assistant/dp/B07NVY25SX/ref=sr_1_181?keywords=smart+light&qid=1581477826&sr=8-181","In Stock."
"Smart 3 Way Light Switch (Only One Needed), Meross Smart WiFi Light Switch Works with Alexa, Google Assistant and IFTTT, Light Switch with Remote Control, Voice Control and Timer, No Hub Required","$24.99","https://www.amazon.com/Smart-Switch-Assistant-Control-Required/dp/B07M7VZFHG/ref=sr_1_182?keywords=smart+light&qid=1581477826&sr=8-182","In Stock."
"3 Way Smart Wi-Fi Light Switch Plus,Individual 3 Way Switch(only one needed) /Single Pole Switch,Works With Amazon Alexa Google Assistant","$29.99","https://www.amazon.com/Individual-Compatible-Assistant-Function-Required/dp/B07WFRGHHD/ref=sr_1_183?keywords=smart+light&qid=1581477826&sr=8-183","In Stock."
"Aootek 92 Led Solar outdoor motion sensor lights upgraded Solar Panel to 11.8 in² and 3 modes(Security/ Permanent On all night/ Smart brightness control )with IP65 Waterproof with Wide Angle(4pack)","$35.95","https://www.amazon.com/New-Solar-Lights-4Pack-Efficiency/dp/B07NQ4L1SB/ref=sr_1_184?keywords=smart+light&qid=1581477826&sr=8-184","In Stock."
"DHOUSE Smart Light Switch,WiFi Fan Celling Switch APP Remote Timer and Speed Control Compatible with Amazon Alexa,Ehco and Google Home,FCC Certification,No Hub Required,Easy and Safe installation","$29.99","https://www.amazon.com/DHOUSE-Compatible-Certification-Required-installation/dp/B07NVG3MMP/ref=sr_1_185?keywords=smart+light&qid=1581477826&sr=8-185","In Stock."
"Smart Switch 3 Gang (Not 3 Way Switch), Smart WIFI Light Switch Work With Alexa Google Home and IFTTT, Voice and Remote Control, No Hub Required, Single-Pole Only","$57.99","https://www.amazon.com/Switch-Google-Control-Required-Single-Pole/dp/B07YFCRQ2B/ref=sr_1_186?keywords=smart+light&qid=1581477826&sr=8-186","In Stock."
"Smart WiFi LED Strip Lights, Lewenteche Compatible with Alexa, Google Home Brighter 5050 LED, 16 Million Colors Phone App Controlled Light Strip for Home, Kitchen, TV, Party, 16.4ft","$25.99","https://www.amazon.com/Lewenteche-Compatible-Brighter-Million-Controlled/dp/B07ZJF95FX/ref=sr_1_187?keywords=smart+light&qid=1581477826&sr=8-187","In Stock."
"Smart Light Bulb, LOHAS BR20 LED WiFi Bulb 60 Watt Equivalent, 2700K-6000K Daylight RGB Coloring Changing Lights, Dimmable LED E26 Bulbs Work with Alexa, Google Assistant, Siri, No Hub Required, 4Pack","$43.99","https://www.amazon.com/LOHAS-LED-Equivalent-2700K-6000K-Assistant/dp/B07ZTC7MT6/ref=sr_1_188?keywords=smart+light&qid=1581477826&sr=8-188","In Stock."
"Sunco Lighting 2 Pack WiFi LED Smart Bulb, G25, 5W, Color Changing (RGB & CCT), Dimmable, Compatible with Amazon Alexa & Google Assistant - No Hub Required","$24.99","https://www.amazon.com/Sunco-Lighting-Changing-Compatible-Assistant/dp/B07NVY18WF/ref=sr_1_189?keywords=smart+light&qid=1581477826&sr=8-189","In Stock."
"Smart Light Bulb, WiFi LED RGB Color Changing Light Bulbs with Remote Control, A19 E26 2700K-6500K Dimmable Lights Work with Alexa, No Hub Required, 9W (75W Equivalent), 2 Pack","$49.99","https://www.amazon.com/Changing-2700K-6500K-Dimmable-Required-Equivalent/dp/B07XNXDHVV/ref=sr_1_190?keywords=smart+light&qid=1581477826&sr=8-190","In Stock."
"HENDUN Smart Wireless Light Switch Compatible with Alexa, Google Assistant, APP Remote Control with Timer for Ceiling Lamp LED Bulb, IP54 Waterproof Outdoor Wall Switch, CE/FCC/ROHS Listed","$21.59","https://www.amazon.com/HENDUN-Wireless-Compatible-Assistant-Waterproof/dp/B07Z3KKKK4/ref=sr_1_191?keywords=smart+light&qid=1581477826&sr=8-191","In Stock."
"Smart WiFi Light Bulb, Linkind 9W LED Bulb, No Hub Required, Works with Alexa, A19 E26 800LM Starter Smart Lights, Soft White & Cold White, (2700k-6500k) Dimmable and Tunable","$9.90","https://www.amazon.com/Linkind-Required-Compatible-2700k-6500k-Dimmable/dp/B07N79823Q/ref=sr_1_192?keywords=smart+light&qid=1581477826&sr=8-192","In Stock."
"Smart WIFI Led Strip Lights, TASMOR 32.8ft RGB 5050 Color Changing Light Strip Music Sync Works with Alexa Google Assistant, Phone APP Controlled IP65 Waterproof Led Strip with Remote for Home Parties","$34.99","https://www.amazon.com/Changing-Assistant-Controlled-Waterproof-Parties/dp/B07ZF91SY7/ref=sr_1_193?keywords=smart+light&qid=1581477838&sr=8-193","In Stock."
"IESTARING Dimmable LED Flush Mount Ceiling Light - 12W (120W Equivalent) WiFi Smart 10"" Round Surface Mount Light Fixture for Bathroom/Bedroom/Dining Room, Compatible with Amazon Alexa (10"" 12W)","$39.99","https://www.amazon.com/IESTARING-Dimmable-Flush-Mount-Ceiling/dp/B081J6KDZ9/ref=sr_1_194?keywords=smart+light&qid=1581477838&sr=8-194","In Stock."
"Outdoor Dimmer, Homder Smart Plug for String Lights,Smart APP WiFi Dimmer Switch Compatible with Alexa Google Home-350W Max Power/IP44 Waterproof/Stepless Dimming for Dimmable LED String Lights","$35.99","https://www.amazon.com/Homder-Compatible-Home-350W-Waterproof-Stepless/dp/B07XZCZW9P/ref=sr_1_195?keywords=smart+light&qid=1581477838&sr=8-195","In Stock."
"Lutron Caseta Smart Home Dimmer Switch with Wallplate, Works with Alexa, Apple HomeKit, and the Google Assistant | for LED Light Bulbs, Incandescent Bulbs and Halogen Bulbs | PDW-6WCL-WH-A | White","","","In Stock."
"Smart Light Bulb GU10 Led Bulb Dimmable Tunable White RGB Color Changing Smart Bulb Compatible with Alexa Google Home IFTTT 320 Lumens 4 W 4 Pack","$29.99","https://www.amazon.com/Dimmable-Tunable-Changing-Compatible-Google/dp/B0819BHPGS/ref=sr_1_197?keywords=smart+light&qid=1581477838&sr=8-197","In Stock."
"HitLights Smart WiFi LED Strip Lights, 16.4FT RGB 5050 LED Light Kit Working with Alexa, Google Home Phone APP Controlled for Christmas, Party, TV, Gaming Room, Home Theater, Dorm & DIY Decoration","$35.99","https://www.amazon.com/HitLights-Wireless-Changing-Working-Assistant/dp/B07KG1KDHP/ref=sr_1_198?keywords=smart+light&qid=1581477838&sr=8-198","In Stock."
"Sengled Smartsense Flood Light with Motion Sensor & Daylight Sensor, Smart LED Light Bulb PAR38, Dusk to Dawn Bulb, Waterproof 5000K for Indoor and Outdoor Use (3rd Gen), 2 Pack","$43.99","https://www.amazon.com/Sengled-Smartsense-Daylight-Waterproof-Outdoor/dp/B07QH59F1H/ref=sr_1_199?keywords=smart+light&qid=1581477838&sr=8-199","In Stock."
"Smart Light Bulbs with White Light 2700k-6000k - 6W LED Candalabra Bulb E12 Base - 60W Equivalent - WiFi Multicolor Light Bulb - B11 RGB Color Changing Bulb, Works with Google Assistant IFTTT, 3 Pack","$37.99","https://www.amazon.com/Smart-Light-Bulbs-White-2700k-6000k/dp/B07YC9TG4L/ref=sr_1_200?keywords=smart+light&qid=1581477838&sr=8-200","In Stock."
"Sengled Smart Light Bulb, Smart WiFi LED Light Bulb Soft White A19 Bulb, No Hub Required, 2700K 60W Equivalent, Compatible with Alexa & Google Assistant, 2 Pack","$28.99","https://www.amazon.com/Sengled-Required-Equivalent-Compatible-Assistant/dp/B07Y4RYW4T/ref=sr_1_201?keywords=smart+light&qid=1581477838&sr=8-201","In Stock."
"Larkkey Smart LED String Lights 49 FT 100 LED RGB Color Changing Globe Lights Controlled by APP,Timing,Waterproof WiFi LED String Lights Voice Controlled Work with Alexa, Google Assistant","","","In Stock."
"A Very Stable Genius: Donald J. Trump's Testing of America","$30.00","https://www.amazon.com/Very-Stable-Genius-Testing-America/dp/1984877496/ref=sr_1_203?keywords=smart+light&qid=1581477838&sr=8-203","In Stock."
"Outdoor Dimmer, Smart Wifi Plug-in Light Dimmer Switch for LED String Light, Wireless Remote Control Dimming-350W, Outdoor Plug Compatible with Alexa Google Home, IP44 Waterproof/Timer by Smartphone","$39.99","https://www.amazon.com/Wireless-Dimming-350W-Compatible-Waterproof-Smartphone/dp/B081J8GB9H/ref=sr_1_204?keywords=smart+light&qid=1581477838&sr=8-204","In Stock."
"E12 Smart Bulbs,Candelabra Base WiFi Smart Light Bulbs RGB+ Warm+ Daylight White Dimmable 40W Equivalent APP Remote Control Compatible with Alexa Google Assistant IFTTT (3 Pack)","$69.99","https://www.amazon.com/Candelabra-Daylight-Equivalent-Compatible-Assistant/dp/B07Q3PYGN3/ref=sr_1_205?keywords=smart+light&qid=1581477838&sr=8-205","In Stock."
"HitLights Smart LED Strip Lights WiFi LED Tape Light Kit, 16.4FT RGB 12V LED Color Changing 5050 Strips Compatible with Alexa, Echo, Google Home, Smart Phone Controlled(Waterproof)","$39.99","https://www.amazon.com/HitLights-Waterproof-Changing-Controlled-Decoration/dp/B07Q569ZT8/ref=sr_1_206?keywords=smart+light&qid=1581477838&sr=8-206","In Stock."
"Aootek 120 Led Solar outdoor motion sensor lights upgraded Solar Panel to 15.3 in2 and 3 modes(Security/ Permanent On all night/ Smart brightness control )with IP65 Waterproof with Wide Angle(2pack)","$46.99","https://www.amazon.com/Upgraded-Illumination-Waterproof-Wireless-Security/dp/B077BFM2W5/ref=sr_1_207?keywords=smart+light&qid=1581477838&sr=8-207","In Stock."
"Smart Dimmer Wi-Fi Light Switch TECKIN Smart Wall switch,Voice Control,Remote Control,Work with Alexa,Google home and IFTTT,Schedule and Timer,Easy Installation,No Hub Required","$23.99","https://www.amazon.com/TECKIN-Control-Schedule-Installation-Required/dp/B07Y1LV2L5/ref=sr_1_208?keywords=smart+light&qid=1581477838&sr=8-208","In Stock."
"Smart Light Bulb, Yangcsl 85W Equivalent Wifi LED Bulb Dimmable, Compatible with Alexa and Google Home Assistant, No Hub Required, Warm White - 2700K, A19 E26 4-Pack","$24.99","https://www.amazon.com/Yangcsl-Equivalent-Dimmable-Compatible-Assistant/dp/B07XQJRN88/ref=sr_1_209?keywords=smart+light&qid=1581477838&sr=8-209","In Stock."
"Sengled Smart LED Light Bulb (Hub Required), Smart Light Bulb Soft White 2700K 65W Equivalent BR30 Dimmable, Compatible with Alexa/Echo Plus/SmartThings/Google Assistant/IFTTT, 6 Pack","$69.99","https://www.amazon.com/Sengled-Equivalent-Compatible-SmartThings-Assistant/dp/B07XJTXCKF/ref=sr_1_210?keywords=smart+light&qid=1581477838&sr=8-210","In Stock."
"GE 14292 Enbrighten Z-Wave Plus Smart Light Switch, Works with Alexa, Google Assistant, SmartThings, Zwave Hub Required, Repeater/Range Extender, 3-Way Ready, 1st Gen. Toggle, White 1-pack","$39.99","https://www.amazon.com/GE-Repeater-Required-Works-SmartThings-14292/dp/B06VYCFXT4/ref=sr_1_211?keywords=smart+light&qid=1581477838&sr=8-211","In Stock."
"Boxlood 9W Smart WiFi Light Bulbs Works with Alexa & Google Home Assistant(No Hub Required, 2.4Ghz), 800LM(80W Equivalent), 2700K-6500K + RGB Color Changing A19 LED Bulb for Siri IFTTT- 4Pack","$38.99","https://www.amazon.com/Boxlood-Compatible-Equivalent-Multi-Color-Required/dp/B07QNY3SMV/ref=sr_1_212?keywords=smart+light&qid=1581477838&sr=8-212","In Stock."
"meross Smart Wi-Fi LED Bulb, Multiple Colors, 2700K-6500K RGB, 810 Lumens 60W Equivalent, Compatible with Alexa, Google Assistant and IFTTT, E26 Light Bulb, No Hub Required - Upgrade Versions (2 Pack)","$19.99","https://www.amazon.com/meross-2700K-6500K-Equivalent-Compatible-Assistant/dp/B07WVTCRSX/ref=sr_1_213?keywords=smart+light&qid=1581477838&sr=8-213","In Stock."
"GMY Smart Light Bulb WiFi Dimmable A19 Smart Bulbs Compatible with Alexa, Google Home Assistant, No Hub Required, 2200K-5000K, Soft White, 120V E26 Vintage LED Smart Bulb, 40W Equivalent, 2-Pack","$21.99","https://www.amazon.com/GMY-Compatible-Assistant-2200K-5000K-Equivalent/dp/B07V68CXJT/ref=sr_1_214?keywords=smart+light&qid=1581477838&sr=8-214","In Stock."
"Honeywell Z-Wave Plus On/Off Smart Light Switch, In-Wall Paddle, Interchangeable White & Almond | Built-In Repeater & Range Extender | ZWave Hub Required - SmartThings, Wink, Alexa Compatible, 39348","$29.97","https://www.amazon.com/Honeywell-Interchangeable-Repeater-Extender-Required/dp/B07B3LY1SJ/ref=sr_1_215?keywords=smart+light&qid=1581477838&sr=8-215","In Stock."
"Smart Light Bulb with Soft White Light 2700k + RGBW, AWOW A60 E26 WiFi Multicolor LED Bulb Compatible with Alexa, Google Home and IFTTT (No Hub Required), 9w (60w Equivalent),806LM,4 Pack","$39.99","https://www.amazon.com/RGBW-AWOW-A60-E26-Multicolor/dp/B07Y4V7LMP/ref=sr_1_216?keywords=smart+light&qid=1581477838&sr=8-216","In Stock."
"MoKo Smart Switch, Smart WiFi Light Switch with Remote Control and Timer, Compatible with Alexa, Google Home and IFTTT, Neutral Wire Required, Easy Installation, Only Supports 2.4GHz Network - White","$47.99","https://www.amazon.com/MoKo-Compatible-Required-Installation-Supports/dp/B07VXVJ3NB/ref=sr_1_217?keywords=smart+light&qid=1581477838&sr=8-217","In Stock."
"Sengled LED Bulb with Motion Sensor, PAR38 Smart Security Floodlight Bulb 3000, 1050 Lumens, Waterproof for Outdoor Use, 2 Pack","$30.99","https://www.amazon.com/Sengled-SS-PAR38NAE26W-P2-Smartsense-Floodlight-Waterproof/dp/B07B22TYTF/ref=sr_1_218?keywords=smart+light&qid=1581477838&sr=8-218","In Stock."
"Smart Light Bulb Wi-Fi Color LED Light Work with Alexa & Google Home, Dimmable Multicolored 60W Equivalent RGBW Color Mode, No Hub Required, A19 E26 / E27 Base Type, 7W, 2PCS","$19.99","https://www.amazon.com/Google-Dimmable-Multicolored-Equivalent-Required/dp/B07RQL52WY/ref=sr_1_219?keywords=smart+light&qid=1581477838&sr=8-219","In Stock."
"Aigital WiFi Smart Light Bulb,RGB LED Color Changing Dimmable Smartphone App Controlled Daylight & Night Light,Color Bulbs Compatible with Alexa and Google Assistant,10W Home Lighting,No Hub Required","$19.99","https://www.amazon.com/Aigital-Smartphone-Controlled-Compatible-Assistant/dp/B07PVDQJ9S/ref=sr_1_220?keywords=smart+light&qid=1581477838&sr=8-220","In Stock."
"The Reunion","$2.99","https://www.amazon.com/Reunion-John-Cena/dp/B07XFFG91L/ref=sr_1_221?keywords=smart+light&qid=1581477838&sr=8-221","In Stock."
"Smart Plug Gosund Smart Wifi Outlet Works with Alexa and Google Home, 2.4G Wifi Only, No Hub Required, ETL and FCC Listed 4 Pack [Upgraded Version]","$29.99","https://www.amazon.com/Outlet-Required-Gosund-Upgraded-Version/dp/B07GRLQV47/ref=sr_1_222?keywords=smart+light&qid=1581477838&sr=8-222","In Stock."
"AMBOTHER LED Strip Lights 32.8-feet Wireless Smart Phone APP Remote Controller 300 LEDs Color Changing Kit Work with Alexa Google Assistant Music Sync Neon RGB Rope Lights","$38.99","https://www.amazon.com/AMBOTHER-32-8-feet-Wireless-Controller-Assistant/dp/B07VZM3BJZ/ref=sr_1_223?keywords=smart+light&qid=1581477838&sr=8-223","In Stock."
"Kasa Smart Plug Lite by TP-Link, Smart Home Wifi Outlet Works with Alexa Echo & Google Home - 12 Amp & Reliable Wifi Connection, Compact Design, No Hub Required, 2-pack (HS103P2)","$29.99","https://www.amazon.com/TP-LINK-HS103P2-Required-Google-Assistant/dp/B07B8W2KHZ/ref=sr_1_224?keywords=smart+light&qid=1581477838&smid=ATVPDKIKX0DER&sr=8-224","In Stock."
"Aigital Smart WiFi Light Bulb, LED WiFi Color Changing Dimmable Bulb Cool&Warm Multicolor Bulbs Work with Alexa, 9W No Hub Required(Remote&Voice Control, Memory Function, DIY Scene Mode)-2 Pack","$24.88","https://www.amazon.com/Aigital-Changing-Dimmable-Multicolor-Required/dp/B07ZCSRSCQ/ref=sr_1_225?keywords=smart+light&qid=1581477838&sr=8-225","In Stock."
"AISIRER Smart Light Bulb,Soft White 2700K+RGB WiFi LED Color Changing Bulb Compatible with Amazon Alexa Echo Google Home and IFTTT Multicolor Dimmable No Hub Required E26 A19 2 Pack","$22.99","https://www.amazon.com/AISIRER-Changing-Compatible-Multicolor-Dimmable/dp/B07XZ43YT2/ref=sr_1_226?keywords=smart+light&qid=1581477838&sr=8-226","In Stock."
"SARCCH Light Bulb Camera,Dome Surveillance Camera 1080P 2.4GHz WiFi 360 Degree Wireless Security IP Panoramic,with IR Motion Detection, Night Vision, Alarm, for Home, Office, Baby, Pet Monitor","$38.99","https://www.amazon.com/SARCCH-Surveillance-Wireless-Panoramic-Detection/dp/B081D65CMV/ref=sr_1_227?keywords=smart+light&qid=1581477838&sr=8-227","In Stock."
"Smart Dimmer Switch, Acenx Wifi Wall Light Dimmer Switch Compatible with Alexa &Google Home, Single Pole Only, Wireless Dim Switch for Dimmable LED Light with Smart Life APP, NEUTRAL REQUIRED [2 pack]","$29.99","https://www.amazon.com/Dimmer-Switch-Compatible-Wireless-Dimmable/dp/B07V26Q3VD/ref=sr_1_228?keywords=smart+light&qid=1581477838&sr=8-228","In Stock."
"Nexlux LED Strip Lights, WiFi Wireless Smart Phone Controlled 16.4ft Waterproof Light Strip LED Kit 5050 LED Lights,Working with Android and iOS System,Alexa, Google Assistant","$29.99","https://www.amazon.com/Nexlux-Wireless-Controlled-Working-Assistant/dp/B072DXFKRH/ref=sr_1_229?keywords=smart+light&qid=1581477838&sr=8-229","In Stock."
"AISIRER Smart Light Bulb WiFi LED Light Bulbs 9W 806LM Compatible with Amazon Alexa Echo Dot Google Home Assistant and IFTTT E26 Dimmable Warm Light 2700K No Hub Required A19 (4 Pack)","$41.99","https://www.amazon.com/Compatible-Assistant-Equivalent-Dimmable-AISIRER/dp/B07RHMQ2DD/ref=sr_1_230?keywords=smart+light&qid=1581477838&sr=8-230","In Stock."
"LE Color Changing Light Bulbs with Remote, Dimmable LED Light Bulb, E26 Screw Base, RGB & Soft Warm White, 40 Watt Equivalent, 16 Color Choices for Home Decor, Stage, Party and More, Pack of 2","$18.99","https://www.amazon.com/Incandescent-Equivalent-Dimmable-Changing-Control/dp/B00VWJPSPK/ref=sr_1_231?keywords=smart+light&qid=1581477838&sr=8-231","In Stock."
"Sengled Smart Light Bulb, Daylight Extra Bright A19 Smart Light Bulb, Smart Hub Required, 5000K 100W Equivalent, Smart Bulb That Compatible with Alexa, Google Assistant & SmartThings, 2 Pack","$44.99","https://www.amazon.com/Sengled-Equivalent-Compatible-Assistant-SmartThings/dp/B083JS7RMP/ref=sr_1_232?keywords=smart+light&qid=1581477838&sr=8-232","In Stock."
"Geeni LUX 800 Smart Wi-Fi LED Dimmable White Light Bulbs (2700K), 3-Pack – A19, 60-Watt Equivalent – No Hub Required – Works with Amazon Alexa, Google Assistant, Microsoft Cortana","$44.99","https://www.amazon.com/Geeni-Bulb-Soft-Dimmable-Assistant-Microsoft/dp/B07FL7F4K8/ref=sr_1_233?keywords=smart+light&qid=1581477838&sr=8-233","In Stock."
"Sengled Smart LED Daylight Extra Bright A19 Light Bulb, Hub Required, 5000K 100W Equivalent, Works with Alexa, Google Assistant & SmartThings, 1 Pack","$24.99","https://www.amazon.com/Sengled-Daylight-Equivalent-Assistant-SmartThings/dp/B07QDVC69G/ref=sr_1_234?keywords=smart+light&qid=1581477838&sr=8-234","In Stock."
"GE 46202 Enbrighten Z-Wave Plus Smart Light Switch with QuickFit and SimpleWire, Works with Alexa, Google Assistant, Zwave Hub Required, Repeater/Range Extender, 3-Way 2nd Gen. Toggle, White 1-pack","$44.99","https://www.amazon.com/GE-Enbrighten-SimpleWire-SmartThings-46202/dp/B07RQ8NWXS/ref=sr_1_235?keywords=smart+light&qid=1581477838&sr=8-235","In Stock."
"SYLVANIA General Lighting 74768 SYLVANIA SMART (Formerly LIGHTIFY) On/Off/Dim LED Light Bulb, 60W Equivalent A19, 10 Year, Works with Amazon Alexa, SmartThings and Wink (4 Pack), Soft White, 4 Piece","$16.99","https://www.amazon.com/Sylvania-Smart-Home-74768-SmartThings/dp/B07576J38L/ref=sr_1_236?keywords=smart+light&qid=1581477838&sr=8-236","In Stock."
"Barrina Smart Light Bulb Works with Alexa, Siri, Echo, Google Home and IFTTT (No Hub Required), 9W 2.4G E26, Dimmable, WiFi Multicolor Light Bulb, 2800K to 6500K, RGB, Smart LED Bulb (6 Pack)","$49.99","https://www.amazon.com/Barrina-Changing-Compatible-Assistant-Required/dp/B07SPJJ2CM/ref=sr_1_237?keywords=smart+light&qid=1581477838&sr=8-237","In Stock."
"Lutron Caseta Smart Home Dimmer Switch and Pico Remote Kit, Works with Alexa, Apple HomeKit, and the Google Assistant | P-PKG1WB-WH | White","$64.95","https://www.amazon.com/Lutron-P-PKG1WB-WH-Caseta-Wireless-Dimmer/dp/B07HM6L48C/ref=sr_1_238?keywords=smart+light&qid=1581477838&sr=8-238","In Stock."
"LOHAS LED Smart Candelabra E12 Base Bulbs, A19 Dimmable 60W Equivalent LED Bulb, WiFi RGB Multicolor Candle Light, 810LM Chandelier Lighting for Ceiling Fan, Works with Alexa, Google Home,Siri,2 Pack","$22.99","https://www.amazon.com/LOHAS-LED-Candelabra-Equivalent-Multicolor/dp/B07Y4YDCLG/ref=sr_1_239?keywords=smart+light&qid=1581477838&sr=8-239","In Stock."
"Smart Switch Alexa Wifi Light Switch 3 Gang …","$57.99","https://www.amazon.com/Smart-Switch-Alexa-Wifi-Light/dp/B07YFMBYX7/ref=sr_1_240?keywords=smart+light&qid=1581477838&sr=8-240","In Stock."